Record Identifier,Measurement Date,Month,Year,First PIP,PIP Table #,Eff. Chart Material Class,Eff. Chart Cell Type,Detailed description,Group(s),Efficiency (%),Revised/New Efficiency (%),Combined efficiency (%),Uncertainty (%),Area (cm2),Type of Area,VOC (V),Jsc (mA/cm2),Revised/ New Jsc (mA/cm2) (PIP #33 ->),FF (%),  Suns,Accredited Testing Centers,REV. EFF. Check 22,Notes
0,1976-01-01,1,1976,,,Thin-Film Technologies,Amorphous Si:H (stabilized),Heterojunction (adj for total area),RCA,0.6,,0.6,,0.2,,0.273,6.0,,0.28,1.0,,,"Note: Check is inconsistent, but left for historical purposes"
1,1976-01-01,1,1976,,,Thin-Film Technologies,CdTe,CdS/CdTe (70 mW/cm2) [NASA],Matsushita,8.7,,8.873999999999999,,0.9,,0.75,14.0,,0.58,1.0,,,"Note: Check is inconsistent, but left for historical purposes"
2,1976-08-01,8,1976,,,Thin-Film Technologies,CIGS,CdS/CuInSe2/Au-Zn (AM1 NASA),University of Maine,5.7,,5.757000000000001,,1.2,,0.44,25.1,,0.52,1.0,,,
3,1977-02-01,2,1977,,,Single-Junction GaAs,Single crystal,Measured under 93.9 mW/cm2 AM1 at NASA,IBM/ TJ Watson Research Center,21.9,,22.228499999999997,,,,0.976,27.8,,0.76,,NASA,,
4,1977-04-01,4,1977,,,Crystalline Si Cells,Single crystal (non-concentrator),EFG [NASA],Mobil Solar,13.8,,13.938,,1.01,,0.58,, ,0.753,1.0,Unknown,,
5,1977-05-01,5,1977,,,Thin-Film Technologies,CIGS,CdS/CuInSe2/Au-Zn (AM1 NASA),University of Maine,6.7,,6.767,,1.2,,0.485,25.5,,0.54,1.0,,,
6,1978-01-01,1,1978,,,Thin-Film Technologies,Amorphous Si:H (stabilized),"Glow-discharge a-Si:H, heterojunction (adj for total area)",RCA,1.2,,1.2,,0.25,,0.43,10.0,,0.28,1.0,,,
7,1978-02-01,2,1978,,,Crystalline Si Cells,Single crystal (non-concentrator),AM1 [NASA] 100.3 mW/cm2,RCA,14.899999999999999,,15.049,,1.02,,0.6,34.7,,0.72,1.0,,,
8,1979-02-01,2,1979,,,Thin-Film Technologies,Amorphous Si:H (stabilized),"Glass-covered, p-i-n (adj for total area)",RCA,2.4,,2.4,,0.25,,0.58,10.5,,0.4,1.0,,,
9,1979-11-01,11,1979,,,Thin-Film Technologies,CdTe,CdS/CdHgTe (~4%Hg) [NASA],Monosolar,8.85,,9.027,,0.48,,0.73,17.6,,0.68,1.0,,,
10,1979-12-01,12,1979,,,Thin-Film Technologies,CIGS,CdS/CuInSe2 3-source deposition (NASA),Boeing,7.3999999999999995,,7.473999999999999,,1.02,,0.39,33.01,,0.58,1.0,,,
11,1980-01-01,1,1980,,,Crystalline Si Cells,Single crystal (non-concentrator),Back surface field p+-n-n+ AM1 [Sandia],Sandia National Laboratory,15.9,,16.059,,2,,0.59,31.1,,0.807,1.0,,,
12,1980-01-01,1,1980,,,Thin-Film Technologies,Amorphous Si:H (stabilized),p-i-n (adj for total area),RCA,3.1,,3.1,,1.45,,0.75,7.0,,0.586,1.0,,,
13,1980-05-01,5,1980,,,Thin-Film Technologies,CdTe,Au/CdTe/CdS/ITO/glass (90mW/cm2),Kodak,9.02,,9.2004,,,,0.74,17.7,,0.62,1.0,,,
14,1980-09-01,9,1980,,,Thin-Film Technologies,CIGS,CdS/CuInSe2 (AM1 100 mW/cm2),Boeing,9.53,,9.6253,,1.02,,0.396,39.0,,0.63,1.0,,,
15,1981-02-01,2,1981,,,Thin-Film Technologies,Amorphous Si:H (stabilized),p-i-n (adj for total area),RCA,3.37,,3.37,,1.6,,0.77,7.01,,0.58,1.0,,,
16,1981-03-01,3,1981,,,Thin-Film Technologies,CIGS,CdZnS/CuInSe2 (AM1 100mW/cm2),Boeing,10.01,,10.1101,,1.02,,0.398,39.3,,0.64,1.0,,,
17,1981-09-01,9,1981,,,Thin-Film Technologies,CdTe,Au/CdTe/CdS/ITO/glass (90mW/cm2),Kodak,10.5,,10.71,,,,0.75,19.37,,0.65,1.0,,,
18,1982-02-01,2,1982,,,Thin-Film Technologies,CIGS,CdZnS/CunSe2 (101.5 mW/cm2),Boeing,10.4,,10.504000000000001,,1,,0.4314,38.36,,0.625,1.0,,,
19,1982-03-01,3,1982,,,Thin-Film Technologies,Amorphous Si:H (stabilized),p-i-n (adj for total area),RCA,4.2,,4.2,,0.4,,0.5,15.0,,0.56,1.0,,,
20,1982-11-01,11,1982,,,Crystalline Si Cells,Single crystal (non-concentrator),AM1 Monocrystalline,Westinghouse,16.5,,16.665,,1.004,,0.637,33.7,,0.762,1.0,,,
21,1982-12-01,12,1982,,,III-V Multijunction Cells,Concentrator,"AlGaAs-GaAs tandem (IEEE PVSC, 1981, pp. 21-26)",North Carolina State University,,,16.4,,,,,,,,,,,
22,1983-02-01,2,1983,,,Thin-Film Technologies,Amorphous Si:H (stabilized),p-i-n (adj for total area),RCA,5.5,,5.5,,0.02,,0.803,12.0,,0.38,1.0,,,"Note: Check is inconsistent, but left for historical purposes"
23,1983-05-01,5,1983,,,Crystalline Si Cells,Single crystal (non-concentrator),AM1 Monocrystalline,ARCO,18.2,,18.381999999999998,,1,,0.635,35.5,,0.808,1.0,,,
24,1983-07-01,7,1983,,,Thin-Film Technologies,CdTe,Au/CdTe/CdS/ITO/glass (90mW/cm2),Kodak,11.0,,11.22,,,,0.75,19.84,,0.667,1.0,,,
25,1983-10-28,10,1983,,,Crystalline Si Cells,Single crystal (non-concentrator),AM1 MINP ,UNSW,18.7,,18.887,,4.01,,0.6411,35.48,,0.822,1.0,,,
26,1983-12-22,12,1983,,,Crystalline Si Cells,Single crystal (non-concentrator),"AM, MINP",UNSW,19.07,,19.2607,,4.068,,0.6526,36.01,,0.8114,1.0,,,
27,1984-01-01,1,1984,,,Crystalline Si Cells,Multicrystalline,Semicrystalline cast [Sandia],Solarex,15.0,,15.15,,4,,0.6,34.1,,0.71,1.0,,,
28,1984-02-01,2,1984,,,Thin-Film Technologies,CdTe,Au/CdTe/CdS/ITO/glass (90mW/cm2),Kodak,11.15,,11.373000000000001,,,,,,,,,,,
29,1984-11-01,11,1984,,,Thin-Film Technologies,CIGS,CdZnS/CuInSe2,Boeing,10.8,,10.908000000000001,,1.074,,0.441,39.08,39.08,0.628,1.0,,,
30,1985-02-01,2,1985,,,Crystalline Si Cells,Multicrystalline,Semicrystalline cast [Sandia],Solarex,15.6,,15.756,,4,,0.595,35.6,,0.73,1.0,,,
31,1985-04-01,4,1985,,,Crystalline Si Cells,Single crystal (non-concentrator),Conventional p-n cell,Spire,19.509999999999998,,19.705099999999998,,4.02,,0.639,36.89,,0.828,1.0,,,
32,1985-05-21,5,1985,,,Crystalline Si Cells,Single crystal (non-concentrator),AM1,UNSW,19.8,,19.998,,3.99,,0.6491,37.04,,0.8217,1.0,,,
33,1985-09-01,9,1985,,,Crystalline Si Cells,Single crystal (non-concentrator),Conventional p-n cell (not a record),Spire,18.8,,18.988,,4.02,,0.634,36.3,,0.816,1.0,,,
34,1985-10-15,10,1985,,,Crystalline Si Cells,Single crystal (non-concentrator),,UNSW,20.0,,20.2,,4.02,,0.6609,37.21,,0.8151,1.0,,,
35,1985-12-11,12,1985,,,Crystalline Si Cells,Single crystal (non-concentrator),,UNSW,20.1,,20.301000000000002,,4.01,,0.6597,37.3,,0.8158,1.0,,,
36,1986-02-01,2,1986,,,Thin-Film Technologies,Amorphous Si:H (stabilized),(stabilized; initial efficiency 11.9%) 2-junction,Solarex,7.5,,7.5,,0.758,,1.0,10.74,,0.7,1.0,,,
37,1986-02-01,2,1986,,,Thin-Film Technologies,CIGS,"ZnO/(Cd,Zn)S/CuIn(S,Se)2",ARCO,11.450000000000001,,11.5645,,2.4,,0.458,38.3,,0.653,1.0,,,
38,1986-02-01,2,1986,,,Thin-Film Technologies,CIGS,"ZnO/(Cd,Zn)S/CuIn(S,Se)2",ARCO,11.450000000000001,,11.5645,,2.4,,0.458,38.3,,0.653,1.0,,,
39,1986-02-07,2,1986,,,Crystalline Si Cells,Single crystal (non-concentrator),ASTM-85,UNSW,20.4,,20.604,,4.02,,0.6631,36.95,,0.8332,1.0,,,
40,1986-06-15,6,1986,,,Crystalline Si Cells,Single crystal (non-concentrator),PESC ,UNSW,20.5,,20.705000000000002,,1.01,,0.665,36.8,,0.836,1.0,,,
41,1986-07-30,7,1986,,,Crystalline Si Cells,Single crystal (non-concentrator),ASTM-86,UNSW,20.599999999999998,,20.805999999999997,,4.006,,0.6655,37.22,,0.8318,1.0,,,
42,1986-08-01,8,1986,,,Crystalline Si Cells,Single crystal (concentrator),Si - laser grooved,UNSW,18.9,,19.089,,46.9,,0.621,38.69936034115139,,0.786,1.0,,,
43,1987-04-01,4,1987,1,1,Thin-Film Technologies,Amorphous Si:H (stabilized),a-Si thin film,Solarex,11.5,,11.5,,1.08,ap,0.879,18.8,,0.701,1.0,NREL,,"Listed in PIP, but is higher than other cells described this way at that time."
44,1987-05-01,5,1987,1,3,Crystalline Si Cells,Single crystal (concentrator), ,Stanford,26.5,,26.765,,0.15,da,,,,,140.0,Sandia,,
45,1987-06-01,6,1987,,,Crystalline Si Cells,Single crystal (non-concentrator),Point Contact [Sandia],Stanford,21.9,,22.119,,0.152,,0.681,41.0,,0.784,1.0,,,
46,1988-02-01,2,1988,1,1,Thin-Film Technologies,(not on chart),a-Si/a-Si/a-SiGe,Energy Conversion Devices,12.4,,12.4,,0.27,t,2.541,7.0,,0.7,1.0,NREL,,
47,1988-09-20,9,1988,,,Crystalline Si Cells,Single crystal (non-concentrator),,Stanford,,,22.3,,8.525,da,0.7029,40.62,,0.779,,NREL,,
48,1988-03-01,3,1988,,,III-V Multijunction Cells,Concentrator,AlGaAs-GaAs tandem ,Varian,,,17.6,,,,,,,,,,,
49,1988-04-01,4,1988,1,3,Single-Junction GaAs,Concentrator,Prism cover,Varian,27.500000000000004,,27.9125,,0.126,da,,,,,205.0,Sandia,,
50,1988-06-01,6,1988,1,1,Thin-Film Technologies,(not on chart),a-Si/CIGS thin film 4 terminal,ARCO,14.6,,14.6,0.7000000000000001,2.4,ap,,,,,1.0,NREL,,
51,1988-06-01,6,1988,,,Thin-Film Technologies,CIGS,"ZnO/(Cd,Zn)S/CuIn(S,Se)2",ARCO,11.700000000000001,,11.817000000000002,,2.4,,0.464,38.5,,0.654,1.0,NREL,,
52,1988-08-01,8,1988,28,4,Single-Junction GaAs,Concentrator,ENTECH cover recalibrated,Varian,27.800000000000004,28.199999999999996,28.199999999999996,1.0,0.203,da,,,,,216.0,Sandia,,
53,1988-08-01,8,1988,28,4,Single-Junction GaAs,Concentrator,GaAs under very high concentration,Varian,26.200000000000003,26.6,26.6,1.0,0.203,da,,,,,1000.0,Sandia,,
54,1988-09-01,9,1988,1,3,Hybrid Tandems,III-V/Si ,GaAs/Si mech. Stack,Sandia National Laboratory,29.599999999999998,,29.599999999999998,,0.317,da,,,,,350.0,Sandia,,
55,1988-09-01,9,1988,,,Thin-Film Technologies,CIGS,"ZnO/CdS/Cu(In,Ga)Se2",Boeing,12.5,,12.625,,0.987,,0.555,34.2,,0.657,1.0,NREL,,
56,1988-10-01,10,1988,,,Thin-Film Technologies,CdTe,Glass/SnO2/CdS/CdTe,AMETEK,11.28,,11.5056,,1.068,,0.767,20.93,,0.697,1.0,NREL,,
57,1988-12-01,12,1988,1,1,Crystalline Si Cells,Thin-film crystal,,AstroPower,14.899999999999999,,15.049,,1.02,ap,0.6,31.4,,0.792,1.0,Sandia,,Measurements corrected  from originally measured  values due to Sandia recalibration  in January 1991
58,1989-01-01,1,1989,,,Thin-Film Technologies,Amorphous Si:H (stabilized),p-i-n (stablized),ARCO,9.7,,9.7,,3.969,,0.874,15.62,,,1.0,,,
59,1989-03-01,3,1989,1,1,III-V Multijunction Cells,Two-junction (non-concentrator),"GaAlAs/GaAs, monolithic",Varian,27.6,,27.6,,0.5,t,2.403,14.0,,0.834,1.0,NREL,,
61,1989-03-01,3,1989,1,1,Single-Junction GaAs,Single crystal,GaAs (Ge substrate) AlGaAs window,ASEC,24.3,,24.543,,4,t,1.035,27.6,,0.853,1.0,NREL,,
60,1989-03-01,3,1989,,,Single-Junction GaAs,Single crystal,GaAs with AlGaAs window,Varian,24.4,,24.644,,4,,1.045,27.6,,0.845,1.0,NREL,,
62,1989-05-01,5,1989,,,Thin-Film Technologies,CdTe,Glass/SnO2/CdS/CdTe,Photon Energy,12.3,,12.546000000000001,,0.313,,0.783,24.98,,0.672,1.0,NREL,,
63,1989-06-01,6,1989,,,III-V Multijunction Cells,Concentrator,AlGaAs-GaAs tandem 40x,Spire,,,24.1,,,,,,,,,,,
64,1989-08-01,8,1989,1,1,Crystalline Si Cells,Multicrystalline,UNSW PESC,UNSW,17.299999999999997,,17.473,,4.12,t,0.608,35.7,,0.797,1.0,NREL,,Version 1  of PIP tables contained errors and were corrected in Ver. 2. These are corrected values stated in Ver. 2
65,1989-08-01,8,1989,1,1,III-V Multijunction Cells,Two-junction (non-concentrator),"GaInP/GaAs, monolithic",NREL,27.3,,27.3,,0.25,t,2.292,13.6,,0.875,1.0,NREL,,
66,1989-10-01,10,1989,1,3,III-V Multijunction Cells,Concentrator,"GaAs/GaSb, mech. Stack",Boeing,32.6,,32.6,,0.053,da,,,,,100.0,Sandia,,
67,1989-11-01,11,1989,1,1,Hybrid Tandems,III-V/CIS,GaAs/CIS thin film 4 terminal,Kopin/Boeing,25.8,,25.8,1.3,4,t,,,,,1.0,NREL,,
68,1989-12-01,12,1989,,,Single-Junction GaAs,Single crystal,GaAs/GaInP heterojunction,NREL,25.7,,25.957,,0.17,,1.05,29.0,,0.86,1.0,NREL,,
69,1990-02-01,2,1990,1,1,Crystalline Si Cells,Single crystal (concentrator),"PERL, crystalline",UNSW,23.1,,23.331000000000003,,4.03,ap,0.696,40.9,,0.81,1.0,Sandia,,Note that the original measurement was 24.2%; Measurements corrected  from originally measured  values due to Sandia recalibration  in January 1991
70,1990-03-01,3,1990,1,1,Single-Junction GaAs,Single crystal,GaAs (crystalline) AlGaAs window,Kopin,25.1,,25.351000000000003,0.8,3.91,t,1.022,28.2,,0.871,1.0,NREL,,
71,1990-04-01,4,1990,1,1,Single-Junction GaAs,Thin-film crystal,"GaAs (thin film), 5-µm CLEFT",Kopin,23.3,,23.533,0.7000000000000001,4,ap,1.011,27.6,,0.838,1.0,NREL,,
72,1990-04-01,4,1990,1,1,Single-Junction GaAs,Single crystal,"InP, (crystalline), epitaxial",Spire,21.9,22.1,22.1,0.7000000000000001,4.02,t,0.878,29.3,29.5,0.85,1.0,NREL,0.9961923076923076,
73,1990-05-01,5,1990,1,1,Crystalline Si Cells,Single crystal (non-concentrator),point contact,Stanford,21.6,,21.816000000000003,,37.5,da,0.698,39.5,,0.784,1.0,Sandia,,Measurements corrected  from originally measured  values due to Sandia recalibration  in January 1991; labeled as UNSW on static chart
74,1990-08-01,8,1990,1,3,III-V Multijunction Cells,Concentrator,"GaInP/GaInAs, monolithic, 3-terminal",NREL,31.8,31.7,31.7,1.6,0.063,da,,,,,50.0,NREL,,Recalibrated from original measurement; Not measured at an external laboratory
75,1990-08-01,8,1990,1,3,III-V Multijunction Cells,Concentrator,InP/GaInAs monolithic 3 terminal,NREL,31.8,31.7,31.7,1.6,0.063,da,,,,,50.0,NREL,,
76,1990-09-01,9,1990,1,3,Crystalline Si Cells,Single crystal (concentrator),Laser grooved,UNSW,21.6,21.7,21.7,70.0,20,da,,,,,11.0,Sandia,,
77,1990-09-01,9,1990,1,3,Crystalline Si Cells,Single crystal (concentrator),PERL prism cover,UNSW,24.8,,25.048000000000002,,1.56,da,,,,,21.0,Sandia,,
78,1990-10-01,10,1990,1,3,III-V Multijunction Cells,Concentrator,"GaAs/GaInAsP, stacked, 4-terminal",NREL,30.2,,30.2,1.5,0.053,da,,,,,40.0,NREL,,
79,1991-02-01,2,1991,,,Emerging PV,Dye-sensitized cells,Nanocrystalline dye,EPFL,6.3,,6.4,,0.53,,0.711,15.0,,0.59,1.0,NREL,,
80,1991-02-01,2,1991,9,3,Single-Junction GaAs,Concentrator,GaInAsP ENTECH cover,NREL,27.500000000000004,,27.775000000000002,1.4000000000000001,0.075,da,,,,,171.0,NREL,,
81,1991-02-01,2,1991,9,3,Single-Junction GaAs,Concentrator,InP ENTECH cover,NREL,24.3,,24.543,1.2,0.075,da,,,,,99.0,NREL,,
82,1991-02-01,2,1991,9,3,Single-Junction GaAs,Concentrator,InP grown on GaAs substrate; ENTECH cover,NREL,21.0,,21.21,1.0999999999999999,0.075,ap,,,,,88.0,NREL,,
83,1991-03-01,3,1991,,,Thin-Film Technologies,CdTe,Glass/SnO2/CdS/CdTe/ZnTe/Ni,Photon Energy,12.7,,12.953999999999999,,0.3,,0.788,26.18,,0.641,1.0,NREL,,
84,1991-05-01,5,1991,5,3,Single-Junction GaAs,Concentrator,,Spire,27.6,,28.014,,0.126,da,,,,,255.0,Sandia,,
85,1991-05-01,5,1991,5,3,Single-Junction GaAs,Concentrator,GaAs (Si substrate),Spire,21.3,,21.6195,,0.126,da,,,,,237.0,Sandia,,
86,1991-05-24,5,1991,,,Thin-Film Technologies,CdTe,Glass/SnO2/CdS/CdTe/C/Ag,Univ. South Florida,13.4,,13.668000000000001,,1.197,,0.84,21.93,,0.726,1.0,NREL,,
87,1991-08-01,8,1991,,,Thin-Film Technologies,CIGS,,Boeing,,13.15,13.15,,0.979,,0.518,,34.72,0.7307,1.0,NREL,0.9993619978707226,
88,1991-11-19,11,1991,,,Thin-Film Technologies,CdTe,MgF2/SnO2/CdS/CdTe/C/Ag,Univ. South Florida,14.6,,14.892,,1.08,,0.85,24.41,24.41,0.704,1.0,NREL,,
89,1992-01-01,1,1992,,,Thin-Film Technologies,(not on chart),a-Si:H/a-Si:H/a-SiGe (stabilized) 12.4% initial,United Solar,10.05,,10.05,,0.26,,2.041,7.3,,0.675,1.0,,,
90,1992-01-01,1,1992,1,1,Crystalline Si Cells,Multicrystalline,,Georgia Tech,17.7,,17.877,,1,ap,0.623,35.6,,0.792,1.0,NREL,,Version 1  of PIP tables contained errors and were corrected in Ver. 2. These are corrected values stated in Ver. 2
91,1992-01-01,1,1992,,,Thin-Film Technologies,Amorphous Si:H (stabilized),a-Si:H/a-Si:H/a-SiGe (stabilized),United Solar,10.05,,10.05,,0.26,,2.041,7.3,,0.675,,,,
92,1992-04-01,4,1992,3,1,Thin-Film Technologies,Amorphous Si:H (stabilized),,Sanyo,12.7,,12.7,0.4,1,da,0.887,19.4,,0.741,1.0,JQA,,
93,1992-06-01,6,1992,,,Thin-Film Technologies,CdTe,MgF2/7059 glass/SnO2/CdS/CdTe/C/Ag,Univ. South Florida,15.7,,16.014,,1.047,,0.843,25.09,,0.745,1.0,NREL,,
94,1992-06-01,6,1992,1,1,Thin-Film Technologies,CdTe,CdTe CSVT thin film,South Florida,15.8,,16.116,,1.05,ap,0.843,25.1,,0.745,1.0,NREL,,Version 1  of PIP tables contained errors and were corrected in Ver. 2. These are corrected values stated in Ver. 2
95,1992-07-01,7,1992,1,1,Thin-Film Technologies,CIGS,"CIGS thin film, ZnO/CdS/Cu(In,Ga)Se2",Boeing,13.700000000000001,,13.837000000000002,,0.9895,ap,0.546,36.3,,0.684,1.0,NREL,,Typos in original PIP report have been fixed.
96,1992-08-01,8,1992,2,1,Thin-Film Technologies,(not on chart),a-Si/a-SiGe monolithic,USSC/Cannon ,12.5,,12.5,,0.26,ap,1.621,11.7,,0.658,1.0,NREL,,
97,1992-11-01,11,1992,2,1,Crystalline Si Cells,Multicrystalline,Bayer wafer,DASA,16.400000000000002,,16.564000000000004,,98,t,0.622,33.4,,0.79,1.0,F-ISE,,
98,1992-12-01,12,1992,2,1,Thin-Film Technologies,(not on chart),a-Si/a-SiGe/a-SiGe monolithic,Sharp,12.4,,12.4,,1,da,2.289,7.9,,0.685,1.0,JMI,,
99,1993-02-01,2,1993,,,Thin-Film Technologies,(not on chart),a-Si:H/a-Si:H/a-SiGe (stabilized) 12.2% initial,United Solar,11.1,,11.1,,0.26,,2.21,7.44,,0.68,1.0,,,
100,1993-02-01,2,1993,3,3,Crystalline Si Cells,Single crystal (concentrator),Rear contact,SunPower,25.7,,25.957,,1.21,da,,,,,74.0,Sandia,,
101,1993-02-01,2,1993,,,Thin-Film Technologies,Amorphous Si:H (stabilized),a-Si:H/a-Si:H/a-SiGe (stabilized),United Solar,, ,11.1,,0.26,,2.21,7.44,,0.68,,,,
102,1993-03-01,3,1993,3,1,Crystalline Si Cells,Multicrystalline,mech. Textured,Sharp,17.2,,17.372,0.3,100,t,0.61,36.4,,0.777,1.0,JQA,,
103,1993-03-01,3,1993,3,1,Crystalline Si Cells,Thin-film crystal,60 µm on SiO2,Mitsubishi,14.2,,14.341999999999999,,100,t,0.608,30.0,,0.781,1.0,JQA,,
104,1993-04-01,4,1993,2,1,Crystalline Si Cells,Single crystal (non-concentrator),PERL,UNSW,21.6,,21.816000000000003,,45.7,ap,0.694,39.4,,0.781,1.0,Sandia,,Confirmed (mh)
105,1993-06-01,6,1993,3,1,III-V Multijunction Cells,Two-junction (non-concentrator),"GaInP/GaAs, monolithic",NREL,29.5,,29.5,,0.25,t,2.385,14.0,,0.885,1.0,NREL,,
106,1993-06-01,6,1993,3,1,Thin-Film Technologies,CIGS,on glass,NREL,13.900000000000002,,14.039000000000001,,6.636,t,0.644,29.9,,0.722,1.0,NREL,,"Confirmed (mh), New Point"
107,1993-07-01,7,1993,3,3,III-V Multijunction Cells,Concentrator,"GaInP/GaAs, monolithic, 2-terminal",NREL,29.7,,29.7,,0.103,da,,,,,350.0,Sandia,,
108,1993-07-01,7,1993,,,Thin-Film Technologies,CIGS,"ZnO/(Cd,Zn)S/Cu(In,Ga)Se2/Mo",EuroCIS,,14.099999999999998,14.099999999999998,,1.003,,0.604,,34.3,0.679,1.0,NREL,0.9976580709219859,
109,1993-08-01,8,1993,,,Thin-Film Technologies,CIGS,EuroCIS CIGS/Glass,EuroCIS,,14.899999999999999,14.899999999999999,,0.502,,0.613,,33.62,0.725,1.0,NREL,1.002789832214765,
110,1993-09-01,9,1993,,,Thin-Film Technologies,CIGS,"MgF2/ZnO/CdS/Cu(In,Ga)Se2",NREL,,15,15.0,,0.422,,0.661,,29.75,0.764,1.0,NREL,1.0015912666666666,
111,1993-10-01,10,1993,,,Thin-Film Technologies,CIGS,"MgF2/ZnO/CdS/Cu(In,Ga)Se2",NREL,,15.9,15.9,,0.437,,0.649,,31.88,0.766,1.0,NREL,0.9967693031446541,
112,1994-01-01,1,1994,,,Thin-Film Technologies,CIGS,"MgF2/ZnO/CdS/Cu(In,Ga)Se2",NREL,,16.400000000000002,16.400000000000002,,0.418,,0.66,,31.53,0.787,1.0,NREL,0.9986166219512196,
113,1994-03-01,3,1994,4,1,Crystalline Si Cells,Single crystal (non-concentrator),PERL,UNSW,23.5,,23.735,,4,ap,0.702,41.2,,0.812,1.0,Sandia,,
114,1994-03-01,3,1994,4,1,Crystalline Si Cells,Multicrystalline,,Georgia Tech,17.8,,17.978,,1,ap,0.628,36.2,,0.785,1.0,Sandia,,
115,1994-03-01,3,1994,4,3,III-V Multijunction Cells,Concentrator,GaInP/GaAs,NREL,30.2,,30.2,,0.103,da,,,,,180.0,Sandia,,
116,1994-03-01,3,1994,,,Thin-Film Technologies,Amorphous Si:H (stabilized),a-Si:H/a-Si:H/a-SiGe (stabilized),United Solar,,,11.3,,0.26,,2.21,7.47,,0.684,,,,
117,1994-04-01,4,1994,,,Thin-Film Technologies,(not on chart),a-Si:H/a-Si:H/a-SiGe (stabilized) 12.9% initial,United Solar,11.27,,11.27,,0.27,,2.21,7.47,,0.684,1.0,,,
118,1994-04-01,4,1994,6,4,Crystalline Si Cells,Thin-film crystal,48-µm epi/thick substrate,"Max Planck Institute, Stuttgart",17.299999999999997,,17.473,,4,ap,0.655,32.5,,0.811,1.0,FhG-ISE,,
119,1994-04-01,4,1994,6,4,Thin-Film Technologies,CIGS,on glass,NREL,17.1,,17.271,,0.413,t,0.654,33.9,,0.771,1.0,NREL,,
120,1994-09-01,9,1994,5,1,Crystalline Si Cells,Single crystal (non-concentrator),PERL,UNSW,24.0,,24.240000000000002,,4,ap,0.709,40.9,,0.827,1.0,Sandia,,
121,1994-09-01,9,1994,5,1,Crystalline Si Cells,Thin-film crystal,20-µm thick,ANU,17.0,,17.17,,4.02,ap,0.651,32.6,,0.803,1.0,Sandia,,
122,1994-10-01,10,1994,,,Thin-Film Technologies,CIGS,CIGS/Glass,NREL,,17.1,17.1,,0.413,,0.654,,33.9,0.771,1.0,,0.9996217894736841,Not confirmed in V6 PIP. V5 PIP repeats Eff from V3 PIP (8/93) (mh)
123,1994-11-01,11,1994,6,1,Thin-Film Technologies,CIGS,on glass,NREL,16.400000000000002,,16.564000000000004,0.5,1.025,t,0.678,32.0,,0.758,1.0,NREL,,Confirmed (mh)
124,1994-12-01,12,1994,7,4,Emerging PV,Dye-sensitized cells,photoelectrochemical nanocrystalline dye,EPFL,7.3999999999999995,,7.5,,0.53,t,0.808,12.5,,0.73,1.0,FhG-ISE,,
125,1995-02-01,2,1995,,,Thin-Film Technologies,(not on chart),a-Si:H/a-Si:H/a-SiGe (stabilized),United Solar,11.5,,11.5,,0.26,,2.23,7.49,,0.69,1.0,,,
126,1995-02-01,2,1995,8,4,Emerging PV,Dye-sensitized cells,photoelectrochemical nanocrystalline dye,EPFL,8.5,,8.6,,0.53,t,0.808,12.5,,0.73,1.0,NREL,,
127,1995-02-01,2,1995,,,Thin-Film Technologies,Amorphous Si:H (stabilized),a-Si:H/a-Si:H/a-SiGe (stabilized),United Solar,,,11.5,,0.26,,2.23,7.49,,0.69,,,,
128,1995-04-01,4,1995,,,Thin-Film Technologies,CIGS,CIGS/Glass,NREL,,17.599999999999998,17.599999999999998,,0.433,,0.6536,,33.93,0.77,1.0,,0.9702283500000001,
129,1995-05-01,5,1995,8,4,Crystalline Si Cells,Thin-film crystal,CVD/CZ substrate,UNSW,17.599999999999998,,17.775999999999996,,4,ap,0.661,32.8,,0.814,1.0,Sandia,,
130,1995-05-01,5,1995,7,4,Crystalline Si Cells,Thin-film crystal,LPE/FZ substrate (48 µm),ANU,18.099999999999998,,18.281,,4.04,ap,0.666,35.0,,0.875,1.0,Sandia,,The check column indicates a discrepancy and the FF appears to be higher than is physical
131,1995-08-01,8,1995,7,1,Crystalline Si Cells,Thin-film crystal,47-µm thick,UNSW,21.5,,21.715,0.5,4.044,ap,0.699,37.9,,0.811,1.0,Sandia,,
132,1995-10-01,10,1995,7,3,Crystalline Si Cells,Single crystal (concentrator),back-contact,SunPower,26.8,,27.068,,1.6,ap,,,,,96.0,FhG-ISE,,
133,1995-11-01,11,1995,9,1,Single-Junction GaAs,Single crystal,GaAs (Ge substrate) multicrystalline,RTI,18.2,18.4,18.4,0.5,4.011,t,0.994,23.0,23.2,0.797,1.0,NREL,0.9988835652173915,
134,1995-12-01,12,1995,7,1,Crystalline Si Cells,Single crystal (non-concentrator),PERL,UNSW,23.200000000000003,,23.432000000000002,,22.13,da,0.702,41.5,,0.798,1.0,Sandia,,
135,1995-12-01,12,1995,8,1,Crystalline Si Cells,Multicrystalline,Heat exchanger method,Georgia Tech,18.6,,18.786,0.6,1,ap,0.636,36.5,,0.804,1.0,NREL,,
136,1996-03-01,3,1996,,,Thin-Film Technologies,CIGS,"MgF2/ZnO/CdS/Cu(In,Ga)Se2 ;  ASTM E 892-87 spectrum",NREL,,17.7,17.7,,0.41,,0.674,,34,0.773,1.0,,1.0007948022598872,
137,1996-03-01,3,1996,8,4,Thin-Film Technologies,CIGS,on glass,NREL,17.7,,17.877,0.5,0.413,t,0.674,34.0,,0.772,1.0,NREL,,
138,1996-04-01,4,1996,8,1,III-V Multijunction Cells,Two-junction (non-concentrator),"GaInP/GaAs, monolithic",Japan Energy,30.3,,30.3,,4,t,2.488,14.22,,0.856,1.0,JQA,,
139,1996-05-01,5,1996,8,1,Crystalline Si Cells,Single crystal (non-concentrator),PERL,UNSW,23.400000000000002,,23.634000000000004,,22.1,da,0.702,41.6,,0.803,1.0,Sandia,,
140,1996-08-01,8,1996,9,1,Crystalline Si Cells,Single crystal (non-concentrator),PERL,UNSW,23.7,23.9,23.9,0.5,22.1,da,0.704,41.5,41.9,0.81,1.0,Sandia,0.9997094560669457,
141,1996-09-01,9,1996,,,Thin-Film Technologies,Amorphous Si:H (stabilized),a-Si:H/a-Si:H/a-SiGe (stabilized),United Solar,,,12.04,,0.26,,2.297,7.52,,0.697,,,,
142,1996-10-01,10,1996,,,Thin-Film Technologies,(not on chart),a-Si:H/a-Si:H/a-SiGe (stabilized) 13.4% initial efficiency,United Solar,12.04,,12.04,,0.27,,2.297,7.52,,0.697,1.0,NREL,,
143,1996-10-01,10,1996,9,1,Thin-Film Technologies,(not on chart),a-Si/a-Si/a-SiGe,USSC,13.5,,13.5,0.7000000000000001,0.27,da,2.375,7.72,,0.744,1.0,NREL,,
144,1996-10-01,10,1996,9,4,Crystalline Si Cells,Single crystal (non-concentrator),Cz substrate,Fraunhofer ISE,21.7,,21.916999999999998,,4,ap,0.689,40.5,,0.776,1.0,FhG-ISE,,
145,1996-12-01,12,1996,10,4,Crystalline Si Cells,Single crystal (non-concentrator),Cz substrate,Fraunhofer ISE,22.0,,22.22,0.4,4,da,0.681,41.8,,0.772,1.0,FhG-ISE,,
146,1996-12-01,12,1996,10,4,Emerging PV,Dye-sensitized cells,photoelectrochemical nanocrystalline dye,EPFL,11.0,,11.1,0.5,0.25,ap,0.795,19.4,,0.71,1.0,FhG-ISE,,
147,1997-01-01,1,1997,,,Thin-Film Technologies,(not on chart),a-Si:H/a-Si:H/a-SiGe (stabilized),United Solar,12.1,,12.1,,0.27,,2.297,7.563,,0.697,1.0,NREL,,
148,1997-01-01,1,1997,11,1,Emerging PV,Dye-sensitized cells,Nanocrystalline dye,INAP,6.5,,6.6,0.3,1.6,ap,0.769,13.4,,0.63,1.0,FhG-ISE,,
149,1997-02-01,2,1997,10,1,Crystalline Si Cells,Thin-film crystal,3.5 µm on glass,Kaneka,9.4,,9.494,0.2,1,ap,0.48,26.1,,0.748,1.0,JQA,,
150,1997-02-01,2,1997,10,1,Crystalline Si Cells,Thin-film crystal,77-µm thick,Mitsubishi,16.0,,16.16,0.2,95.8,ap,0.589,35.6,,0.763,1.0,JQA,,
151,1997-03-01,3,1997,11,4,Crystalline Si Cells,Multicrystalline,Eurosolare wafer,Fraunhofer ISE,17.4,,17.573999999999998,0.4,21.2,t,0.637,34.4,,0.792,1.0,FhG-ISE,,
152,1997-03-01,3,1997,10,1,Crystalline Si Cells,Thin-film crystal,Si supported film,AstroPower,16.6,,16.766000000000002,0.5,0.98,ap,0.608,33.5,,0.815,1.0,NREL,,
153,1997-03-01,3,1997,10,1,Thin-Film Technologies,CdTe,3.5 µm CSS,Matsushita,16.0,,16.32,0.2,1,ap,0.84,26.1,,0.731,1.0,JQA,,
154,1997-04-01,4,1997,10,4,Crystalline Si Cells,Thin-film crystal,"CVD-SOI (Si on oxide); 46-µm thick, front contacted",Fraunhofer ISE,19.2,,19.392,0.4,4,ap,0.668,37.1,,0.775,1.0,FhG-ISE,,
155,1997-04-01,4,1997,,,Thin-Film Technologies,CdTe,3.5 µm CdTe CSS [JQA],Matsushita,16.0,,16.32,,1,,0.84,26.1,,0.731,1.0,,,
156,1997-05-01,5,1997,10,1,Crystalline Si Cells,Thin-film crystal,30 µm on SiC-graphite,ASE/ISE,11.0,,11.11,0.3,1.03,ap,0.57,25.6,,0.755,1.0,FhG-ISE,,
157,1997-12-01,12,1997,12,4,Crystalline Si Cells,Thin-film crystal,2-µm on glass,Kaneka,10.100000000000001,,10.201000000000002,0.2,1.199,ap,0.539,24.4,,0.768,1.0,JQA,,
158,1998-02-01,2,1998,12,1,Crystalline Si Cells,Single crystal (non-concentrator),PERL,UNSW,24.4,,24.644,0.5,4,da,0.696,42.0,,0.836,1.0,Sandia,,
159,1998-02-01,2,1998,12,1,Crystalline Si Cells,Multicrystalline,,UNSW/Eurosolare,19.8,,19.998,0.5,1.09,ap,0.654,38.1,,0.795,1.0,Sandia,,
160,1998-11-01,11,1998,13,1,Crystalline Si Cells,Single crystal (non-concentrator),PERL,UNSW,24.5,,24.745,0.5,4,da,0.703,42.1,,0.825,1.0,Sandia,,
161,1998-12-01,12,1998,14,4,Thin-Film Technologies,CIGS,on glass,NREL,18.8,,18.988,0.5,0.449,t,0.678,35.2,,0.787,1.0,NREL,,
162,1998-12-28,12,1998,,,Thin-Film Technologies,CIGS,"ZnO/CdS/Cu(In,Ga)Se2 ;  ASTM E 892-87 spectrum",NREL,,18.8,18.8,,0.4387,,0.6782,,37.07,0.7889,1.0,,1.0549806116276594,
163,1999-02-01,2,1999,17,4,Crystalline Si Cells,Thin-film crystal,28-8µm thick,"Univ. Stuttgart, IPE",14.000000000000002,,14.140000000000002,0.4,3.94,ap,0.634,27.3,,0.805,1.0,FhG-ISE,,
164,1999-02-01,2,1999,14,1,Thin-Film Technologies,CIGS,on glass,NREL,18.2,,18.381999999999998,0.5,1.129,t,0.667,36.5,,0.749,1.0,NREL,,
165,1999-03-01,3,1999,14,1,Crystalline Si Cells,Single crystal (non-concentrator),Si PERL top/rear contacts,UNSW,24.7,25,25.0,0.5,4,da,0.706,42.2,42.7,0.828,1.0,Sandia,0.998442144,
166,1999-05-19,5,1999,,,Thin-Film Technologies,CdTe,W344-A,NREL,15.8,,16.116,,0.6471,,0.8443,25.0,,0.7482,1.0,,,
167,1999-07-01,7,1999,17,4,Crystalline Si Cells,Single crystal (non-concentrator),Magnetically confined CZ PERT SEH technique,UNSW,24.5,,24.745,0.5,4,da,0.704,41.6,42,0.835,1.0,Sandia,,
168,1999-07-01,7,1999,17,4,Crystalline Si Cells,Single crystal (non-concentrator),Ga-doped CZ using SEH  technique,Fraunhofer ISE,22.5,,22.725,0.5,4.011,ap,0.69,41.1,,0.793,1.0,FhG-ISE,,
169,1999-07-01,7,1999,,,Thin-Film Technologies,CIGS,CIGS/Glass [FhG-ISE],NREL,,18.9,18.9,,0.4049,,0.696,,34.8,0.78,1.0,,0.9995885714285715,
170,1999-09-01,9,1999,15,1,III-V Multijunction Cells,Three-junction or more (non-concentrator),"GaInP/GaAs/Ge, monolithic",Spectrolab,28.7,,28.7,1.4000000000000001,29.93,t,2.571,12.95,,0.862,1.0,NREL,,
171,1999-09-01,9,1999,15,3,III-V Multijunction Cells,Concentrator,GaInP/GaAs/Ge,Spectrolab,32.300000000000004,,32.300000000000004,2.0,0.104,da,,,,,47.0,NREL,,
172,1999-11-01,11,1999,,,Thin-Film Technologies,Amorphous Si:H (stabilized),a-Si:H/a-Si:H/a-SiGe (stabilized),United Solar,,,12.15,,0.26,,2.294,7.59,,0.698,,,,
173,1999-12-01,12,1999,,,Thin-Film Technologies,(not on chart),a-Si:H/a-Si:H/a-SiGe (stabilized) 13.5% initial efficiency,United Solar,12.15,,12.15,,0.26,,2.294,7.59,,0.698,1.0,NREL,,
174,2000-06-01,6,2000,17,3,III-V Multijunction Cells,Concentrator,"GaInP/GaAs/Ge, monolithic",Spectrolab,32.4,,32.4,2.0,0.1025,da,,,,,414.0,NREL,,
175,2000-08-01,8,2000,17,4,Crystalline Si Cells,Silicon heterostructures (HIT),HIT n-type CZ substrate,Sanyo,20.7,,20.907,0.3,100.5,t,0.719,36.7,,0.786,1.0,JQA,,
176,2000-09-01,9,2000,18,4,III-V Multijunction Cells,Concentrator,"GaInP/GaAs/Ge, monolithic",Spectrolab,30.599999999999998,,30.599999999999998,1.5,1.05,da,,,,,234.0,NREL,,
177,2000-10-01,10,2000,18,3,III-V Multijunction Cells,Three-junction or more (non-concentrator),"GaInP/GaAs/Ge, tandem, monolithic",Spectrolab,31.0,,31.0,1.5,0.2496,t,2.548,14.11,,0.862,1.0,NREL,,
178,2000-11-25,11,2000,,,Thin-Film Technologies,CIGS,"ZnO/CdS/Cu(In,Ga)Se2 ;  Original ASTM E 892-87 spectrum",NREL,,19.2,19.2,,0.408,,0.6885,,35.712,0.7812,1.0,,1.0004125320000001,
179,2001-01-01,1,2001,18,3,Crystalline Si Cells,Thin-film crystal,24-µm thick,U. Stuttgart,15.299999999999999,,15.453,0.4,1.015,ap,0.634,30.6,,0.803,1.0,FhG-ISE,,
180,2001-02-01,2,2001,18,1,Thin-Film Technologies,CdTe,on glass,NREL,16.400000000000002,,16.728,0.5,1.131,ap,0.848,25.9,,0.745,1.0,NREL,,
181,2001-02-01,2,2001,18,4,Thin-Film Technologies,CIGS (concentrator),,NREL,21.5,21.8,21.8,1.5,0.102,da,,,,,14.0,NREL,,
182,2001-02-01,2,2001,18,1,Thin-Film Technologies,CIGS,on glass,NREL,18.4,,18.584,0.5,1.04,t,0.669,35.7,,0.77,1.0,NREL,,Confirmed (mh)
183,2001-02-01,2,2001,18,4,Thin-Film Technologies,CIGS (concentrator),"thin  film, ZnO/CdS/CIGS",NREL,21.5,,21.715,1.5,1.02,da,,,,,14.05,NREL,,"1 sun intensity = 17.8% eff, V = 646-736 mV, FF= 75.7-80.5%"
184,2001-03-01,3,2001,20,3,Crystalline Si Cells,Silicon heterostructures (HIT),HIT n-type CZ substrate,Sanyo,21.0,,21.21,0.3,100,t,0.714,37.6,,0.781,1.0,JQA,,
185,2001-03-01,3,2001,,,Emerging PV,Organic cells,Organic,Linz,2.8,,2.8,,,,,,,,,FhG-ISE,,
186,2001-06-01,6,2001,19,4,III-V Multijunction Cells,Concentrator,"GaInP/GaInAs/GaSb, mech. stack, 4-terminal",Fraunhofer ISE,33.5,,33.5,1.7000000000000002,0.1326,da,,,,,308.0,FhG-ISE,,Not measured at an external laboratory
187,2001-06-01,6,2001,19,4,III-V Multijunction Cells,Concentrator,"GaInP/GaInAs,monolithic, 2-terminal",Fraunhofer ISE,30.2,,30.2,1.2,0.1326,da,,,,,300.0,NREL/FhG-ISE,,
188,2001-07-01,7,2001,19,1,Crystalline Si Cells,Thin-film crystal,45-µm thick,U. Stuttgart,16.6,16.7,16.7,0.4,4.017,ap,0.645,32.8,33,0.782,1.0,FhG-ISE,0.9966988023952097,
189,2001-07-01,7,2001,20,1,Emerging PV,Dye-sensitized cells,Nanocrystalline dye,ECN,8.200000000000001,,8.3,0.3,2.36,ap,0.726,15.8,,0.712,1.0,FhG-ISE,,
190,2001-07-01,7,2001,19,3,Thin-Film Technologies,CIGS,on glass,NREL,18.9,,19.089,0.6,0.4049,ap,0.696,34.8,,0.78,1.0,FhG-ISE,,"Not confirmed: Eff=18.4 (Pip 19), EFF=18.4 (Pip 18) (mh)"
191,2001-09-01,9,2001,19,1,Thin-Film Technologies,CdTe,mesa on glass,NREL,16.5,16.7,16.7,0.5,1.032,ap,0.845,25.876,26.1,0.755,1.0,NREL,0.9970747005988024,
192,2002-02-01,2,2002,20,3,Crystalline Si Cells,Multicrystalline,Photowatt safer (mechanically textured),"University of Konstan, BP Solar",17.5,,17.675,0.5,143.6,t,0.628,36.3,,0.768,1.0,FhG-ISE,,
193,2002-09-01,9,2002,23,3,Crystalline Si Cells,Single crystal (non-concentrator),Laser grooved,BP Solar,18.3,,18.483,0.5,147.5,t,0.625,36.3,,0.806,1.0,FhG-ISE,,
194,2002-11-03,11,2002,,,Thin-Film Technologies,CIGS,"ZnO/CdS/Cu(In,Ga)Se2 ;  Original ASTM E 892-87 spectrum",NREL,,19.3,19.3,,0.406,,0.668,,36.2,0.796,1.0,,0.9973343834196893,
195,2003-01-01,1,2003,22,1,III-V Multijunction Cells,Three-junction or more (non-concentrator),"GaInP/GaAs/Ge, monolithic",Spectrolab,32.0,,32.0,1.5,3.989,t,2.622,14.37,,0.85,1.0,NREL,,
196,2003-01-01,1,2003,22,3,III-V Multijunction Cells,Three-junction or more (non-concentrator),"GaInP/GaInAs/Ge, tandem, monolithic, metamorphic",Spectrolab,31.3,,31.3,1.5,4,t,2.392,16.0,,0.819,1.0,NREL,,
197,2003-02-01,2,2003,22,4,III-V Multijunction Cells,Concentrator,GaInP/GaAs/Ge,Spectrolab,,35.199999999999996,35.199999999999996,1.5,0.266,da,,,,,66.3,NREL,,Low aerosol optical depth direct beam AM1.5
198,2003-04-01,4,2003,,,Emerging PV,Organic cells,Organic,Linz,3.1,,3.1,,,,,,,,,FhG-ISE,,
199,2003-04-01,4,2003,26,1,Thin-Film Technologies,Amorphous Si:H (stabilized),"stabilized, explaining the drop",University of Neuchatel,9.5,,9.5,0.3,1.07,ap,0.859,17.5,,0.63,1.0,NREL,,
200,2003-06-01,6,2003,23,4,III-V Multijunction Cells,Concentrator,"GaInP/GaAs/Ge, monolithic; 2-terminal",Spectrolab,,36.9,36.9,1.7999999999999998,0.2665,da,,,,,309.0,NREL,,Same cell as one 34.7% GaInP/GaAs/Ge cell
201,2003-07-01,7,2003,22,3,Crystalline Si Cells,Multicrystalline,Photowatt wafer (mechanically textured),"University of Konstan, BP Solar",17.599999999999998,,17.775999999999996,0.5,144,t,0.632,35.9,,0.777,1.0,FhG-ISE,,
202,2003-07-01,7,2003,23,3,Thin-Film Technologies,CIGS,on glass,NREL,19.2,,19.392,0.6,0.408,ap,0.689,35.7,,0.781,1.0,NREL,,
203,2003-09-01,9,2003,23,3,Crystalline Si Cells,Single crystal (non-concentrator),Floatzone commercial,SunPower,21.5,,21.715,0.6,148.9,t,0.678,39.5,,0.803,1.0,NREL,,
204,2003-09-01,9,2003,23,4,III-V Multijunction Cells,Concentrator,"GaInP/GaAs/Ge, monolithic; 2-terminal; direct spectrum",Spectrolab,34.699999999999996,,34.699999999999996,1.7000000000000002,0.2665,da,,,,,333.0,NREL,,Same cell as one 36.9% GaInP/GaAs/Ge cell
205,2003-11-01,11,2003,,,Emerging PV,Organic cells,Organic,Groningen,,4,4.0,,,,,,,,,,,
206,2004-01-01,1,2004,,,Emerging PV,Organic cells,Organic,Siemens,4.65,,4.65,,0.05,,0.84,9.0,,0.618,,FhG-ISE,,
207,2004-03-01,3,2004,24,4,III-V Multijunction Cells,Concentrator,"GaInP/GaAs/Ge, monolithic; 2-terminal",Spectrolab,,37.3,37.3,1.9,0.2639,da,,,,,175.0,NREL,,Low-aerosol optical depth direct-beam AM1.5 spectrum
208,2004-05-01,5,2004,24,1,Crystalline Si Cells,Multicrystalline,,Fraunhofer ISE,20.3,20.4,20.4,0.5,1.002,ap,0.664,37.7,38,0.809,1.0,NREL,1.0006219607843139,
209,2004-08-18,8,2004,,,Thin-Film Technologies,CIGS,"ZnO/CdS/Cu(In,Ga)Se2 ;  ASTM E 892-87 spectrum: Published Prog.Photovolt.: 13, 209 (2005) (Also measured at ISE with same efficiency--date is 9/04 there)",NREL,,19.5,19.5,,0.41,,0.693,,35.34,0.794,1.0,,0.9972078092307692,
210,2004-09-01,9,2004,25,3,Thin-Film Technologies,CIGS,on glass,NREL,19.5,,19.695,0.6,0.41,ap,0.693,35.7,,0.794,1.0,FhG-ISE,,
211,2004-12-01,12,2004,26,3,Crystalline Si Cells,Silicon heterostructures (HIT),HIT n-type CZ substrate,Sanyo,21.5,,21.715,0.3,100.3,t,0.712,38.3,,0.787,1.0,AIST,,
212,2005-04-01,4,2005,26,4,III-V Multijunction Cells,Concentrator,"GaInP/GaAs/GaInAs, monolithic; 2-terminal",NREL,,37.9,37.9,2.3,0.2428,da,,,,,10.0,NREL,,Not measured at an external laboratory; Low-aerosol optical depth direct-beam AM1.5 spectrum
213,2005-05-01,5,2005,27,4,III-V Multijunction Cells,Concentrator,GaInP/GaInAs/Ge; 2-terminal; metamorphic,Spectrolab,,38.800000000000004,38.800000000000004,2.3,0.254,da,,,,,241.0,NREL,,Low-aerosol optical depth direct-beam AM1.5 spectrum
214,2005-05-01,5,2005,27,4,III-V Multijunction Cells,Concentrator,"GaInP/GaInAs/Ge, monolithic; 2-terminal",Spectrolab,,39,39.0,2.3,0.2691,da,,,,,236.0,NREL,,Low-aerosol optical depth direct-beam AM1.5 spectrum
215,2005-05-01,5,2005,26,1,Single-Junction GaAs,Thin-film crystal,GaAs - thin film - epitaxial liftoff,"Radboud U., Nijmegen, NL",24.5,,24.745,0.5,1.002,t,1.029,28.8,,0.825,1.0,FhG-ISE,,
216,2005-07-01,7,2005,28,3,Emerging PV,Organic cells,"Organic polymer (small), PCBM blend",Konarka,4.8,,4.8,0.2,0.142,ap,0.859,9.04,,0.621,1.0,NREL,,"Stability not investigated, Structure: glass/ITO/PEDOT:PSS/polymer:PCBM blend/ aluminium."
217,2005-08-01,8,2005,27,3,Crystalline Si Cells,Multicrystalline,Laser grooved,U. Konstanz,18.099999999999998,,18.281,0.5,137.7,t,0.636,36.9,,0.77,1.0,FhG-ISE,,
218,2005-08-01,8,2005,27,1,Emerging PV,Dye-sensitized cells,Nanocrystalline dye,Sharp,10.4,10.5,10.5,0.3,1.004,ap,0.729,21.8,22,0.652,1.0,AIST,0.9958834285714288,
219,2005-12-01,12,2005,,,Crystalline Si Cells,Silicon heterostructures (HIT),,Sanyo,22.0,,22.22,,,,,,,,1.0,,,
220,2006-02-01,2,2006,,,Thin-Film Technologies,CIGS,"ZnO/CdS/Cu(In,Ga)Se2 ",NREL,,19.7,19.7,,0.419,,0.69,,35.1,0.812,1.0,,0.9982653807106598,Small cell was not published in PIP
221,2006-02-01,2,2006,29,1,Thin-Film Technologies,CIGS,on glass,NREL,18.8,,18.988,0.5,0.998,ap,0.699,33.8,,0.794,1.0,NREL,,
222,2006-03-01,3,2006,28,3,Crystalline Si Cells,Single crystal (non-concentrator),FZ substrate,SunPower,21.8,22,22.0,0.7000000000000001,147.4,t,0.677,40.0,40.3,0.806,1.0,FhG-ISE,0.9995535727272729,
223,2006-03-01,3,2006,28,3,Emerging PV,Dye-sensitized cells,Dye sensitized,Sharp,11.1,11.200000000000001,11.2,0.3,0.219,ap,0.737,20.9,21,0.722,1.0,AIST,0.9977137499999998,
224,2006-03-01,3,2006,28,1,Emerging PV,Organic cells,"Organic polymer, fullerene derivative",Sharp,3.0,,3.0,0.1,1.001,ap,0.583,9.68,,0.524,1.0,AIST,,"PIP reported 0.538 for the voltage when it should have been 0.583 V) Stability not investigated, unstable under both oxygen and water vapour exposure, glass/TCO/buffer layer (PEDOT"
225,2006-04-01,4,2006,28,3,Crystalline Si Cells,Silicon heterostructures (HIT),HIT n-type CZ substrate,Sanyo,21.8,,22.018,0.5,100.4,t,0.718,38.4,,0.79,1.0,AIST,,
226,2006-04-01,4,2006,28,1,Crystalline Si Cells,Thin-film crystal,1-2 µm on glass; 20 cells,CSG Solar,9.4,,9.494,0.3,94.9,ap,0.493,26.0,,0.731,1.0,Sandia,,
227,2006-08-01,8,2006,49,4,Crystalline Si Cells,Single crystal (non-concentrator),Si n-type top/rear contacts,Fraunhofer ISE,,25.3,25.3,0.3,4.014,da,0.718,,42.5,0.828,1.0,FhG-ISE,0.9986727272727273,
228,2006-08-01,8,2006,29,1,Crystalline Si Cells,Thin-film crystal,1-2 µm on glass; 20 cells,CSG Solar,9.8,,9.898000000000001,0.3,96.3,ap,0.487,27.0,,0.745,1.0,Sandia,,
229,2006-08-01,8,2006,29,4,III-V Multijunction Cells,Concentrator,"GaInP/GaInAs/Ge, 2-terminal; lattice-mismatched",Spectrolab,39.300000000000004,39.4,39.4,2.3,0.378,da,,,,,179.0,NREL,,Low-aerosol optical depth direct-beam AM1.5 spectrum
230,2006-08-01,8,2006,30,1,Thin-Film Technologies,CIGS,on glass,NREL,18.8,,18.988,0.6,0.998,ap,0.703,34.0,,0.787,1.0,FhG-ISE,,
231,2006-09-01,9,2006,30,4,III-V Multijunction Cells,Concentrator,"GaInP/GaInAs/Ge, 2-terminal; lattice-mismatched",Spectrolab,,40.699999999999996,40.699999999999996,2.4,0.267,da,,,,,240.0,NREL,,Low-aerosol optical depth direct-beam AM1.5 spectrum
232,2006-12-01,12,2006,31,1,Emerging PV,Organic cells,Organic polymer,Konarka,5.1499999999999995,5.15,5.15,0.3,1.021,ap,0.876,9.4,9.39,0.625,1.0,NREL,0.998257281553398,Stability not investigated
233,2007-01-01,1,2007,30,3,III-V Multijunction Cells,Three-junction or more (non-concentrator),"GaInP/Ga(In)As/GaInAs, tandem, monolithic",NREL,33.800000000000004,,33.800000000000004,2.0,0.25,t,2.96,13.1,,0.868,1.0,NREL,,Not measured at external laboratory
234,2007-07-01,7,2007,31,3,Crystalline Si Cells,Silicon heterostructures (HIT),HIT n-type CZ substrate,Sanyo,22.3,22.5,22.5,0.6,100.5,t,0.725,39.1,39.2,0.791,1.0,AIST,0.9991208888888891,
235,2007-07-01,7,2007,31,3,Emerging PV,Organic cells,Organic,Plextronics,5.4,,5.4,0.3,0.096,ap,0.856,9.7,9.67,0.653,1.0,NREL,,
236,2007-08-01,8,2007,31,1,Crystalline Si Cells,Thin-film crystal,1-2 µm on glass; 20 cells,CSG Solar,10.4,10.5,10.5,0.3,94,ap,0.492,29.5,29.7,0.721,1.0,FhG-ISE,1.0033847999999999,
237,2007-09-01,9,2007,31,4,Crystalline Si Cells,Single crystal (concentrator),back contact,Amonix,27.3,27.6,27.6,1.0,1,da,,,,,93.0,FhG-ISE,,
238,2007-10-01,10,2007,31,3,Thin-Film Technologies,CIGS,on glass,NREL,19.900000000000002,20,20.0,0.6,0.419,ap,0.692,35.5,35.7,0.81,1.0,NREL,1.0005282000000002,
239,2007-10-16,10,2007,,,Thin-Film Technologies,CIGS,"ZnO/CdS/Cu(In,Ga)Se2",NREL,19.9,20,20.0,,0.419,,0.6918,35.5,35.74,0.8103,1.0,,1.00173061998,
240,2007-12-01,12,2007,,,Crystalline Si Cells,Thin-film crystal,Si thin film crystal,U. Stuttgart,16.900000000000002,,17.069000000000003,0.0,1.367,,0.641,33.5,,0.787,1.0,FhG-ISE,,
241,2007-12-01,12,2007,32,1,Single-Junction GaAs,Single crystal,GaAs Crystalline - on wafer,Radboud U. Nijmegen,25.900000000000002,26.1,26.1,0.8,0.998,ap,1.038,29.4,29.7,0.847,1.0,FhG-ISE,1.0004530344827587,
242,2008-01-01,1,2008,32,1,Thin-Film Technologies,CIGS,on glass,NREL,19.2,19.400000000000002,19.400000000000002,0.6,0.994,ap,0.716,33.3,33.7,0.803,1.0,NREL,0.9987498762886597,
243,2008-02-01,2,2008,34,3,Crystalline Si Cells,Silicon heterostructures (HIT),HIT n-type substrate,Sanyo,,23,23.0,0.6,100.4,t,0.729,,39.6,0.8,1.0,AIST,1.0041182608695653,
244,2008-02-01,2,2008,33,3,Crystalline Si Cells,Multicrystalline,Honeycomb multicrystalline,Mitsubishi Electric,,18.7,18.7,0.6,217.4,t,0.639,,37.7,0.776,1.0,AIST,0.9996830374331553,
245,2008-04-01,4,2008,32,4,III-V Multijunction Cells,Concentrator,"GaInP/GaAs/GaInAs, inverted monolithic",NREL,40.1,,40.1,2.4,0.0976,da,,,,,143.0,NREL,,"Not Confirmed: Eff=19.2 (Pip 32), EFF=18.8 (Pip 31) (mh)"
246,2008-07-01,7,2008,33,4,III-V Multijunction Cells,Concentrator,"GaInP/GaAs/GaInAs, 2-terminal, inverted monolithic",NREL,,40.8,40.8,2.4,0.0976,da,,,,,140.0,NREL,,Not measured at external laboratory
247,2008-07-01,7,2008,33,1,Single-Junction GaAs,Thin-film crystal,GaAs - thin film - epitaxial liftoff,Radboud U. Nijmegen,,26.1,26.1,0.8,1.001,ap,1.045,,29.5,0.846,1.0,FhG-ISE,0.9992362068965516,
248,2008-08-01,8,2008,,,Emerging PV,Organic tandem cells,Organic tandem,TU Dresden,3.7,,3.7,,0.0425,,1.395,5.37,,0.49,1.0,NREL,0.9920712162162161,
249,2008-08-01,8,2008,,,Emerging PV,Organic cells,Organic cells various types,Plextronics,,5.800000000000001,5.8,,0.044,,0.807,,9.76,0.737,1.0,NREL,1.0008358344827586,
250,2008-09-01,9,2008,36,4,III-V Multijunction Cells,Concentrator,"GaInP/GaAs, 2-terminal",U. Polytecnica de Madrid,,32.6,32.6,2.0,0.01,da,,,,,1026.0,FhG-ISE,,Measured under old ASTM E891-87 reference spectrum.
251,2008-12-01,12,2008,34,3,Emerging PV,Organic cells,Active layer polymer/fullerene blend,Konarka,,6.4,6.4,0.3,0.759,ap,0.585,,16.7,0.655,1.0,NREL,0.9998472656249998,"Stability not investigated, Light soaked under simulated AM 1.5 for about 140 hrs prior to shipment to NREL"
252,2009-01-01,1,2009,34,4,III-V Multijunction Cells,Concentrator,"GaInP/GaInAs/Ge, 2-terminal, metamorphic",Fraunhofer ISE,,41.099999999999994,41.099999999999994,2.5,0.0509,da,,,,,454.0,FhG-ISE,,Not measured at external laboratory
253,2009-01-01,1,2009,34,4,Single-Junction GaAs,Concentrator,,Fraunhofer ISE,,28.799999999999997,28.799999999999997,1.2,0.0504,da,,,,,232.0,FhG-ISE,,
254,2009-03-01,3,2009,34,3,Thin-Film Technologies,(not on chart),"a-Si:H/nc-Si:H/nc-Si:H, stabilized, tandem cell stack",United Solar,,12.5,12.5,0.7000000000000001,0.27,da,2.01,,9.11,0.684,1.0,NREL,1.0019833919999999,Combined with Ians notes
255,2009-03-01,3,2009,,,Thin-Film Technologies,Amorphous Si:H (stabilized),a-Si:H/nc-Si/nc-Si (stabilized),United Solar,,,12.4,,0.26,,2.0105,9.11,,0.684,,,,
256,2009-04-01,4,2009,,,Emerging PV,Organic tandem cells,Organic tandem,Heliatek; TU Dresden,,5.8999999999999995,5.9,,1.974,,1.608,,5.6,0.652,1.0,NREL,0.9951067118644068,
257,2009-04-01,4,2009,37,1,Thin-Film Technologies,CIGS,CIGS on glass,NREL,,19.6,19.6,0.6,0.996,ap,0.713,,34.8,0.792,1.0,NREL,1.0026235102040815,
258,2009-05-01,5,2009,,,Emerging PV,Organic cells,Organic cells various types,Solarmer,,6.800000000000001,6.8,,0.0473,,0.763,,13.36,0.664,1.0,NREL,0.9953828705882354,
259,2009-07-01,7,2009,35,3,Crystalline Si Cells,Multicrystalline,Honeycomb multicrystalline,Mitsubishi Electric,,19.1,19.1,0.5,217.6,t,0.65,,38.8,0.757,1.0,AIST,0.9995570680628271,
260,2009-07-01,7,2009,36,3,Crystalline Si Cells,Multicrystalline,Honeycomb multicrystalline,Mitsubishi Electric,,19.3,19.3,0.5,217.7,t,0.651,,38.8,0.764,1.0,AIST,0.9998820310880828,
261,2009-07-01,7,2009,35,1,Emerging PV,Organic tandem cells,OPV 2-cell tandem,Heliatek,,6.1,6.1,0.2,1.989,,1.589,,6.18,0.619,1.0,FhG-ISE,0.9964905540983607,
262,2009-07-01,7,2009,36,1,Thin-Film Technologies,Amorphous Si:H (stabilized),amorphous,"Oerliken Solar Lab, Neuchatel",,10.100000000000001,10.100000000000001,0.3,1.036,ap,0.886,,16.75,0.67,1.0,NREL,0.9844688118811882,
263,2009-08-01,8,2009,35,4,III-V Multijunction Cells,Concentrator,"GaInP/GaInAs/Ge, 2-terminal, lattice-matched ",Spectrolab,,41.6,41.6,2.5,0.3174,da,,,,,364.0,NREL,,
264,2009-08-01,8,2009,35,4,III-V Multijunction Cells,Concentrator,"GaInP/GaAs; GaInAsP/GaInAs, 4-terminal, split spectrum",U. Delaware,,36.1,36.1,2.1999999999999997,0.313,ap,,,,,30.0,NREL,,
265,2009-08-01,8,2009,38,3,Emerging PV,CZTSSe cells,CZTSS thin film solution growth,IBM,,9.700000000000001,9.700000000000001,0.3,0.4362,ap,0.516,,28.6,0.654,1.0,NREL,0.9949969484536082,
266,2009-09-01,9,2009,35,3,III-V Multijunction Cells,Three-junction or more (non-concentrator),"GaInP/GaAs/GaInAs, tandem, Monolithic",Sharp,,35.8,35.8,1.5,0.88,ap,3.012,,13.9,0.853,1.0,AIST,0.9975525251396649,
267,2009-09-01,9,2009,39,1,III-V Multijunction Cells,Three-junction or more (non-concentrator),"GaInP/GaInAs/Ge, monolithic",AZUR,,34.1,34.1,1.2,30.17,t,2.691,,14.7,0.86,1.0,FhG-ISE,0.9976428739002932,
268,2009-10-14,10,2009,,,Emerging PV,Organic cells,Organic,Solarmer,,7.6,7.6,,0.0401,,0.721,,12.22,0.7,,Newport,0.8115044736842105,Perhaps the 12.22 mA/mw should be 15.22 mA/cm2?
269,2009-11-01,11,2009,35,3,Emerging PV,Organic cells,Organic,Solarmer,,7.9,7.9,0.3,0.0441,ap,0.756,,14.7,0.709,1.0,NREL,0.9973745316455694,"Stability not investigated, Light soaked under simulated AM 1.5 for about 140 hrs prior to shipment to NREL"
270,2009-12-01,12,2009,,,Thin-Film Technologies,(not on chart),a-Si:H/nc-Si:H/nc-Si:H,USSC,,13.4,13.4,0.0,0.267,,2.009,,9.39,0.71,1.0,NREL,0.9995374701492535,
271,2010-02-01,2,2010,,,Emerging PV,Quantum dot cells,ZnO/PbS-QD,NREL,,2.9,2.9,,,,,,,,,NREL,0.0,
272,2010-03-01,3,2010,36,4,III-V Multijunction Cells,Concentrator,"GaInP/GaAs/GaInAs, 2-terminal, bi-facial epigrowth",Spire,,41.3,41.3,2.5,1.008,ap,,,,,343.0,NREL,,
273,2010-03-01,3,2010,36,4,Single-Junction GaAs,Concentrator,GaAs ,Fraunhofer ISE,,29.099999999999998,29.099999999999998,1.3,0.0505,da,,,,,117.0,FhG-ISE,,
274,2010-03-01,3,2010,36,1,Single-Junction GaAs,Single crystal,(Crystalline),Fraunhofer ISE,,26.400000000000002,26.400000000000002,0.8,1.006,t,1.03,,29.8,0.86,1.0,FhG-ISE,0.999880303030303,
275,2010-04-01,4,2010,36,3,Thin-Film Technologies,CIGS,CIGS on glass,ZSW Stuttgart,,20.1,20.1,0.6,0.503,t,0.72,,36.3,0.758,1.0,FhG-ISE,0.9856262686567162,
276,2010-04-10,4,2010,,,Thin-Film Technologies,CIGS,CIGS on glass [FhG-ISE],ZSW,,20.1,20.1,,0.503,,0.72,,36.33,0.768,1.0,,0.999454567164179,
277,2010-05-01,5,2010,37,3,Crystalline Si Cells,Single crystal (non-concentrator),n-type CZ substrate,SunPower,,24.2,24.2,0.7000000000000001,155.1,t,0.721,,40.5,0.829,1.0,NREL,1.0002981198347105,
278,2010-06-01,6,2010,37,3,Thin-Film Technologies,CIGS,CIGS on glass,ZSW Stuttgart,,20.3,20.3,0.6,0.5015,ap,0.74,,35.4,0.775,1.0,FhG-ISE,1.0000935960591133,
279,2010-07-01,7,2010,,,Emerging PV,Organic cells,Organic cells various types,Solarmer,,8.1,8.1,,0.0388,,0.759,,15.91,0.673,1.0,NREL,1.0033258481481482,ASTM G173 Global spectrum
280,2010-08-01,8,2010,37,1,Thin-Film Technologies,(not on chart),a-Si/µc-Si (thin film cell),"Oerliken Solar Lab, Neuchatel",,11.899999999999999,11.899999999999999,0.8,1.227,,1.346,,12.92,0.685,1.0,NREL,1.0010394285714288,
281,2010-08-01,8,2010,,,Thin-Film Technologies,CIGS,New CIGS on glass [FhG-ISE],ZSW,,20.3,20.3,,0.5015,,0.74,,35.4,0.775,1.0,,1.0000935960591133,
282,2010-09-01,9,2010,37,4,III-V Multijunction Cells,Concentrator,"GaInP/GaAs/GaInAs, 2-terminal, bi-facial epigrowth",Spire,,42.3,42.3,2.5,0.9756,ap,,,,,406.0,NREL,,
283,2010-10-01,10,2010,37,1,Emerging PV,Organic tandem cells,2-cell tandem,Heliatek,,8.3,8.3,0.3,1.087,ap,1.733,,8.03,0.595,1.0,FhG-ISE,0.9975920542168671,
284,2010-11-01,11,2010,37,1,Emerging PV,Organic cells,polymer,Konarka,,8.3,8.3,0.3,1.031,ap,0.816,,14.46,0.702,1.0,NREL,0.9979699662650602,Stability not investigated
285,2010-11-01,11,2010,37,1,Single-Junction GaAs,Thin-film crystal,GaAs - thin film - epitaxial liftoff,Alta Devices,,27.6,27.6,0.8,0.9989,ap,1.107,,29.6,0.841,1.0,NREL,0.9984498260869565,
286,2010-12-01,12,2010,39,3,Emerging PV,CZTSSe cells,"CZTSSe, Cu2ZnSnS4-ySey thin film solution grown",IBM,,10.100000000000001,10.100000000000001,0.2,0.448,ap,0.517,,30.8,0.635,1.0,Newport,1.0011372277227721,
287,2011-01-01,1,2011,38,1,Emerging PV,Dye-sensitized cells,Dye sensitized,Sharp,,10.9,10.9,0.3,1.008,da,0.736,,21.7,0.68,1.0,AIST,0.9963684403669725,
288,2011-02-01,2,2011,38,1,Crystalline Si Cells,Thin-film crystal,43-µm thick thin film,ISFH,,19.1,19.1,0.4,3.983,ap,0.65,,37.8,0.776,1.0,FhG-ISE,0.9982366492146597,
289,2011-03-01,3,2011,38,1,Thin-Film Technologies,(not on chart),a-Si/nc-Si/nc-Si thin film,United Solar,,12.4,12.4,0.7000000000000001,1.05,ap,1.936,,8.96,0.715,1.0,NREL,1.0002250322580644,
290,2011-03-01,3,2011,38,3,Crystalline Si Cells,Multicrystalline,Si laser fired contacts,Q-Cells,,19.5,19.5,0.4,242.7,t,0.652,,39,0.767,1.0,FhG-ISE,1.000168,
291,2011-03-01,3,2011,38,3,III-V Multijunction Cells,Concentrator,"GaInP/GaAs/GaInNAs, 2-terminal",Solar Junction,,43.5,43.5,2.6,0.3124,ap,,,,,418.0,NREL,,
292,2011-03-01,3,2011,38,1,Single-Junction GaAs,Thin-film crystal,GaAs - thin film - epitaxial liftoff,Alta Devices,,28.1,28.1,0.8,0.998,ap,1.111,,29.4,0.859,1.0,NREL,0.998500377224199,
293,2011-03-09,3,2011,,,Emerging PV,Quantum dot cells,ZnO/PbS Quantum Dot,NREL,,4.4,4.4,,0.029,,0.525,,18.145,0.46,1.0,NREL,0.9959130681818182,
294,2011-04-01,4,2011,41,3,Emerging PV,CZTSSe cells,"CZTS thermal evaporation, Cu2ZnSnS4",IBM,,8.4,8.4,0.2,0.4463,ap,0.661,,19.5,0.658,1.0,Newport,1.0096775,Not confirmed: IBM not listed. Pip 41 lists: NREL Eff=19.6 Pip 40 lists same as Pip 41 (mh)
295,2011-05-01,5,2011,39,3,Crystalline Si Cells,Silicon heterostructures (HIT),HIT n-type substrate,Sanyo,,23.7,23.7,0.6,100.7,t,0.745,,39.38,0.809,1.0,AIST,1.0014566624472574,
296,2011-06-01,6,2011,39,3,Emerging PV,Dye-sensitized cells,Dye sensitized,NIMS,,11.4,11.4,0.3,0.231,ap,0.743,,21.34,0.722,1.0,AIST,1.0041892666666665,
297,2011-07-01,7,2011,39,1,Thin-Film Technologies,(not on chart),a-Si/nc-Si thin film,Kaneka,,12.3,12.3,0.3,0.962,ap,1.365,,12.93,0.694,1.0,AIST,,
298,2011-07-01,7,2011,40,1,Thin-Film Technologies,CdTe,CdTe on glass,First Solar,,17.299999999999997,17.299999999999997,0.5,1.066,ap,0.842,,27.202,0.756,1.0,NREL,1.000895231445087,
299,2011-08-01,8,2011,,,Emerging PV,Organic tandem cells,Tandem,UCLA,,8.6,8.6,,0.103,,1.56,,8.26,0.668,1.0,NREL,1.0008814883720931,
300,2011-08-01,8,2011,39,1,Single-Junction GaAs,Thin-film crystal,GaAs - thin film - epitaxial liftoff,Alta Devices,,28.299999999999997,28.299999999999997,0.8,0.9944,ap,1.107,,29.47,0.867,1.0,NREL,0.9994484957597173,
301,2011-09-01,9,2011,,,Emerging PV,Quantum dot cells,PbS-QD,U. Toronto,,5.1,5.1,,,,,,,,,,0.0,
303,2011-09-01,9,2011,39,3,III-V Multijunction Cells,Three-junction or more (non-concentrator),"GaInP/GaAs/GaInAs,tandem, Monolithic",Sharp,,36.9,36.9,1.5,0.891,ap,3.006,,14.05,0.875,1.0,AIST,1.0014908536585365,
302,2011-09-01,9,2011,39,1,Emerging PV,Dye-sensitized cells,Dye sensitized,Sharp,,11,11.0,0.3,1.007,da,0.714,,21.93,0.703,1.0,AIST,1.0006898236363635,
304,2011-10-01,10,2011,39,1,Emerging PV,Organic cells,thin film,Mitsubishi Chemical,,10,10.0,0.3,1.021,ap,0.899,,16.75,0.661,1.0,AIST,0.9953503250000001,Stability not investigated
305,2011-12-01,12,2011,,,Emerging PV,Organic tandem cells,Tandem  ,Heliatek,,9.8,9.8,,0.0802,,1.396,,10.7,0.652,1.0,NREL,0.9937810612244896,
306,2012-01-01,1,2012,40,3,Emerging PV,Organic tandem cells,OPV tandem,UCLA-Sumitomo,,10.6,10.6,0.3,0.103,ap,1.5306,,10.08,0.685,1.0,NREL,0.9970270641509434,
307,2012-02-01,2,2012,40,3,Crystalline Si Cells,Silicon heterostructures (HIT),HIT n-type,Panasonic,,23.9,23.9,0.6,102.7,t,0.748,,38.89,0.822,1.0,AIST,1.0004916251046025,
308,2012-02-01,2,2012,40,1,III-V Multijunction Cells,Three-junction or more (non-concentrator),GaInP/GaAs/GaInAs,Sharp,,37.5,37.5,1.3,1.046,ap,3.015,,14.56,0.855,1.0,AIST,1.0008835200000001,
309,2012-02-01,2,2012,40,3,Emerging PV,CZTSSe cells,CZTSS thin film solution growth,IBM,,11.1,11.1,0.3,0.4496,ap,0.4598,,34.54,0.698,1.0,Newport,0.9986740014414414,
310,2012-03-07,3,2012,,,Emerging PV,Quantum dot cells,Colloidal Quantum Dot,U. Toronto,,7,7.0,0.2,0.0453,,0.605,,,0.58,1.0,Newport,0.0,
311,2012-04-01,4,2012,41,4,III-V Multijunction Cells,Concentrator,"GaInP/GaAs/GaInAs, inverted metamorphic",Sharp,,43.5,43.5,2.6,0.167,da,,,,,306.0,FhG-ISE,,
312,2012-05-01,5,2012,40,1,Single-Junction GaAs,Thin-film crystal,GaAs - thin film - epitaxial liftoff,Alta Devices,,28.799999999999997,28.799999999999997,0.8999999999999999,0.9927,ap,1.122,,29.68,0.865,1.0,NREL,1.0001850833333334,
313,2012-06-01,6,2012,40,1,Thin-Film Technologies,Amorphous Si:H (stabilized),a-Si thin film,Oerlikon Solar Lab/Neuchatel,,10.1,10.1,0.3,1.036,ap,0.886,,16.75,0.67,1.0,NREL,,
314,2012-07-01,7,2012,41,1,Thin-Film Technologies,(not on chart),a-Si/nc-Si/nc-Si thin film,LG Electronics,,13.4,13.4,0.4,1.006,ap,1.963,,9.52,0.719,1.0,NREL,1.00272383880597,Combined with Ians notes
315,2012-08-01,8,2012,,,Crystalline Si Cells,Thin-film crystal,Si thin-film crystal,Solexel,,19.6,19.6,0.0,242.6,,0.665,,37.6,0.782,1.0,NREL,0.9976085714285714,
318,2012-09-01,9,2012,41,1,III-V Multijunction Cells,Three-junction or more (non-concentrator),GaInP/GaAs/GaInAs,Sharp,,37.7,37.7,1.2,1.047,ap,3.014,,14.57,0.86,1.0,AIST,1.001751267904509,
316,2012-09-01,9,2012,,,Crystalline Si Cells,Thin-film crystal,Si thin-film crystal,Solexel,,19.900000000000002,19.900000000000002,0.0,242.6,,0.666,,38.2,0.783,1.0,NREL,1.001028120603015,
317,2012-09-01,9,2012,41,1,Emerging PV,Dye-sensitized cells,Dye sensitized,Sharp,,11.899999999999999,11.9,0.4,1.005,da,0.744,,22.47,0.712,1.0,AIST,1.0002511058823529,
319,2012-09-01,9,2012,50,1,Single-Junction GaAs,Single crystal,"InP, Crystalline cell",NREL,,24.2,24.2,0.5,1.008,ap,0.939,,31.15,0.826,1.0,NREL,0.9983626487603305,
320,2012-09-01,9,2012,42,3,Thin-Film Technologies,CIGS,Flexible CIGS on polymide,EMPA,,20.4,20.4,0.6,0.5203,ap,0.7363,,35.08,0.789,1.0,FhG-ISE,0.9989901841176471,
321,2012-10-01,10,2012,41,1,Crystalline Si Cells,Thin-film crystal,43-µm thick thin film,Solexel,,20.1,20.1,0.4,242.6,ap,0.682,,38.14,0.774,1.0,NREL,1.0016360955223882,
322,2012-10-01,10,2012,41,3,Emerging PV,Organic cells,thin film,Mitsubishi Chemical,,11.1,11.1,0.3,0.159,ap,0.867,,17.81,0.722,1.0,AIST,1.0043781027027026,Stability not investigated
323,2012-10-01,10,2012,41,1,Emerging PV,Organic cells,"thin film, 4.4mmX23.0mm",Mitsubishi Chemical,,10.7,10.7,0.3,1.013,da,0.872,,17.75,0.689,1.0,AIST,0.996667476635514,Stability not investigated
324,2012-10-01,10,2012,41,4,III-V Multijunction Cells,Concentrator,GaInP/GaAs/GaInNAs,Solar Junction,,44,44.0,3.0,0.3104,ap,,,,,942.0,NREL,,
325,2012-10-01,10,2012,41,1,Thin-Film Technologies,CdTe,CdTe,GE Global Research,,18.3,18.3,0.5,1.005,ap,0.857,,26.95,0.79,1.0,NREL,0.997046912568306,"FF was originally reported as 77%, but corrected here to 79%"
326,2012-11-01,11,2012,42,3,Thin-Film Technologies,CIGS,CIGSS (Cd-free),Showa Shell/Tokyo U. of Science,,19.7,19.7,0.5,0.496,da,0.683,,37.06,0.778,1.0,AIST,0.9996304791878174,
327,2012-12-01,12,2012,42,3,Crystalline Si Cells,Silicon heterostructures (HIT),HIT n-type,Panasonic,,24.7,24.7,0.5,101.8,t,0.75,,39.5,0.832,1.0,AIST,0.9978947368421053,
328,2012-12-01,12,2012,42,1,Crystalline Si Cells,Thin-film crystal,Si nanocrystalline 1.8 µm on glass,"EPFL, Neuchatel",,10.7,10.7,0.2,1.044,da,0.549,,26.55,0.733,1.0,FhG-ISE,0.998520686915888,
329,2012-12-01,12,2012,,,Thin-Film Technologies,CdTe,CdTe,First Solar,,18.7,18.7,,0.48,,0.852,,28.6,0.767,1.0,NREL,0.9994461176470589,
330,2013-01-01,1,2013,42,4,Crystalline Si Cells,Single crystal (concentrator),Silicon 12 point focus cells module ,Sandia/UNSW/ENTECH,,20.5,20.5,0.8,1875,ap,,,,,79.0,,,
332,2013-01-01,1,2013,42,3,Emerging PV,CZTSSe cells,"CZTS thin film, Cu2ZnSnS4",Toyota Central R&D Laboratories,,8.5,8.5,0.2,0.2382,da,0.708,,16.83,0.709,1.0,AIST,0.9939045599999998,
331,2013-01-01,1,2013,,,III-V Multijunction Cells,Two-junction (non-concentrator),"GaAs with epitaxial lift off,  thin film",Alta Devices,,30.8,30.8,,0.999,,2.548,,14.2,0.853,1.0,NREL,1.0020423636363636,
333,2013-02-01,2,2013,42,1,III-V Multijunction Cells,Three-junction or more (non-concentrator),GaInP/GaAs/GaInAs,Sharp,,37.9,37.9,1.2,1.047,ap,3.065,,14.27,0.867,1.0,AIST,1.0005397321899736,
334,2013-04-01,4,2013,42,4,III-V Multijunction Cells,Concentrator,"GaInP/GaAs/GaInAs, inverted metamorphic",Sharp,,44.4,44.4,2.6,0.1652,da,,,,,302.0,FhG-ISE,,
335,2013-05-01,5,2013,42,3,Emerging PV,Perovskite cells,"thin film, CH3NH3PbI3, perovskite methylammonium triodideplumbate",EPFL,,14.099999999999998,14.1,0.3,0.209,ap,1.007,,21.34,0.657,1.0,Newport,1.0013136638297873,Stability not investigated
336,2013-05-01,5,2013,,Ians Four-Junction or More Conc Tab,III-V Multijunction Cells,Concentrator,Bonded 4-junction,Soitec,,43.6,43.6,,0.052,,,,,,319.0,FhG-ISE,,
338,2013-05-01,5,2013,42,3,Single-Junction GaAs,Single crystal,"GaInP, high band gap",NREL,,20.8,20.8,0.6,0.2491,ap,1.455,,16.04,0.893,1.0,NREL,1.0019717596153845,
337,2013-05-01,5,2013,,,III-V Multijunction Cells,Two-junction (non-concentrator),"GaInP/GaAs, monolithic, 2-terminal, thin film",NREL,,31.1,31.1,,0.248,,2.513,,14.1,0.877,1.0,NREL,0.999196273311897,
339,2013-05-01,5,2013,,,Thin-Film Technologies,CdTe,CdTe,First Solar,,19.1,19.1,,0.486,,0.872,,28,0.78,1.0,Newport,0.9970931937172774,
340,2013-06-01,6,2013,42,1,Thin-Film Technologies,CdTe,CdTe,GE Global Research,,19.6,19.6,0.4,1.0055,ap,0.8573,,28.59,0.8,1.0,Newport,1.0004166122448979,
341,2013-07-01,7,2013,46,1,III-V Multijunction Cells,Three-junction or more (non-concentrator),"GaAs/InP, bonded, 2.17/1.68/1.40/1.06/0.73 eV",Spectrolab,,38.800000000000004,38.800000000000004,1.2,1.021,ap,4.767,,9.564,0.852,1.0,NREL,1.001134870515464,First reported in PIP #43 with 1.9% Uncertainty
343,2013-07-01,7,2013,43,3,Emerging PV,CZTSSe cells,CZTSS thin film solution growth,IBM,,12,12.0,0.3,0.4348,ap,0.4982,,34.8,0.694,1.0,Newport,1.0026773199999999,Not confirmed. IBM not listed in PIP 43 or in PIP 42 (mh)
344,2013-08-01,8,2013,43,4,Thin-Film Technologies,CIGS (concentrator),CIGS thin film,NREL,,22.8,22.8,0.8999999999999999,0.1,ap,,,,,15.0,NREL,,
342,2014-04-01,4,2014,44,3,Emerging PV,CZTSSe cells,CZTSS thin film solution growth,IBM,,12.6,12.6,0.3,0.4209,ap,0.5134,,35.21,0.698,1.0,Newport,1.0013981088888888,
346,2013-09-01,9,2013,43,1,Thin-Film Technologies,Amorphous Si:H (stabilized),Si microcrystalline,AIST,,10.8,10.8,0.3,1.045,da,0.523,,28.24,0.732,1.0,AIST,1.0010452444444442,
347,2013-10-01,10,2013,,Ians Four-Junction or More Conc Tab,III-V Multijunction Cells,Concentrator,Bonded 4-junction,Soitec,,44.7,44.7,,0.052,,,,,,297.0,FhG-ISE,,
345,2013-08-01,8,2013,43,4,Thin-Film Technologies,CIGS (concentrator),thin film,NREL,,22.8,22.8,0.9,0.1,ap,,,,,15.4,NREL,,"Ians note, 15.4 ""NREL old data"""
348,2013-10-01,10,2013,43,3,Thin-Film Technologies,CIGS,CIGS on glass,ZSW Stuttgart,,20.8,20.8,0.6,0.5005,ap,0.7574,,34.77,0.792,1.0,FhG-ISE,1.0027480776923077,
350,2013-11-01,11,2013,43,1,Thin-Film Technologies,CIGS,CIGS on glass,NREL,,19.8,19.8,0.6,0.9974,ap,0.716,,34.91,0.792,1.0,NREL,0.9998223999999999,Confirmed (mh)
349,2013-10-24,10,2013,,,Emerging PV,Quantum dot cells,Colloidal Quantum Dot,MIT,,8.55,8.55,0.18,0.0137,,0.555,,,0.64,1.0,Newport,0.0,
352,2013-12-01,12,2013,, ,III-V Multijunction Cells,Concentrator,GaInP/GaAs,NREL,,34.1,34.1,,0.0994,,,,,,467.0,NREL,,
351,2013-12-01,12,2013,44,3,Emerging PV,Perovskite cells,"inorganic−organic hybrid thin film materials, based on CH3NH3(MA)Pb(I1−xBrx)3 perovskites",KRICT,,17.9,17.9,0.8,0.0938,,1.109,,19.6,0.742,1.0,Newport,0.9010284245810056,5 spectrum
354,2014-01-01,1,2014,44,1,Thin-Film Technologies,Amorphous Si:H (stabilized),Si microcrystalline,AIST,,11,11.0,0.3,1.045,da,0.542,,27.44,0.738,1.0,AIST,0.9978082036363637,
353,2013-12-01,12,2013,44,3,Thin-Film Technologies,CdTe,CdTe on glass,First Solar,,20.4,20.4,0.5,0.4778,da,0.8717,,29.47,0.795,1.0,Newport,1.0011154022058824,
355,2014-02-01,2,2014,44,1,Crystalline Si Cells,Silicon heterostructures (HIT),Si HIT rear-junction,Panasonic,,25.6,25.6,0.5,143.7,da,0.74,,41.8,0.827,1.0,AIST,0.9992485937499999,
357,2014-02-01,2,2014,44,4,Thin-Film Technologies,CIGS,thin film,NREL,,23.3,23.3,1.2,0.9902,ap,,,,,14.7,NREL,,
356,2014-02-01,2,2014,44,3,Crystalline Si Cells,Single crystal (non-concentrator),Si rear junction,SunPower,,25,25.0,0.7000000000000001,120.94,t,0.726,,41.5,0.828,1.0,FhG-ISE,0.99787248,
359,2014-03-01,3,2014,44,1,Thin-Film Technologies,CIGS,CIGS thin film,Solibro,,20.5,20.5,0.6,0.9882,ap,0.752,,35.3,0.772,1.0,NREL,0.9996684487804877,Confirmed: Eff=20.5 (mh)
360,2014-03-01,3,2014,44,3,Thin-Film Technologies,CIGS,CIGSS Cd free  on glass,Showa Shell,,20.9,20.9,0.7000000000000001,0.5192,ap,0.6858,,39.91,0.764,1.0,FhG-ISE,1.0005211670813396,
358,2014-03-01,3,2014,44,4,Thin-Film Technologies,CIGS (concentrator),CIGS thin film,NREL,,23.3,23.3,1.2,0.09902,,,,,,15.0,NREL,,
361,2014-04-01,4,2014,44,3,Emerging PV,Perovskite cells,thin film,KRICT,,17.9,17.9,0.8,0.0937,ap,1.1142,,21.8,0.736,1.0,Newport,0.9987215731843576,Stability not investigated
362,2014-04-01,4,2014,,Ians Four-Junction or More Conc Tab,III-V Multijunction Cells,Concentrator,Inverted metamorphic,NREL,,43.8,43.8,,0.0998,,,,,,327.0,NREL,,
363,2014-04-01,4,2014,46,1,Thin-Film Technologies,CIGS,CIGS on glass,Solibro,,21,21.0,0.6,0.9927,ap,0.757,,35.7,0.776,1.0,FhG-ISE,0.9986344,
364,2014-04-23,4,2014,,,Crystalline Si Cells,Thin-film crystal,Si thin-film crystal,Solexel,,,21.24,,239.7,,5.4952,,4.813,0.803,,NREL,,
365,2014-07-01,7,2014,45,1,Thin-Film Technologies,Amorphous Si:H (stabilized),a-Si:H single-junction p-i-n solar cell,AIST,,10.2,10.2,0.3,1.001,da,0.896,,16.36,0.698,1.0,AIST,1.003105380392157,
366,2014-07-01,7,2014,45,1,Thin-Film Technologies,Amorphous Si:H (stabilized),Si microcrystalline,AIST,,11.4,11.4,0.3,1.046,da,0.535,,29.07,0.731,1.0,AIST,0.9972667499999999,
367,2014-08-01,8,2014,45,1,Thin-Film Technologies,CdTe,CdTe on glass,First Solar,,21,21.0,0.4,1.0623,ap,0.8759,,30.25,0.794,1.0,Newport,1.0018001976190478,
368,2014-09-01,9,2014,45,1,Emerging PV,Organic cells,thin film,Toshiba,,11,11.0,0.3,0.993,da,0.793,,19.4,0.714,1.0,AIST,0.9985744363636363,Initial performance (not stabilized)
369,2014-09-01,9,2014,46,4,III-V Multijunction Cells,Concentrator,"GaInP/GaAs/GaInAs/GaInAs, monolithic",NREL,,45.7,45.7,2.3,0.097909,da,,,,,234.0,NREL,,Not measured at external laboratory
370,2014-09-01,9,2014,45,3,Thin-Film Technologies,CIGS,CIGS on glass,ZSW Stuttgart,,21.7,21.7,0.7000000000000001,0.4972,da,0.7463,,36.59,0.793,1.0,FhG-ISE,0.9979052433640554,
371,2014-10-01,10,2014,45,1,Thin-Film Technologies,(not on chart),a-Si/nc-Si thin film,AIST,,12.7,12.7,0.4,1,da,1.342,,13.45,0.702,1.0,AST,0.9977188818897638,
372,2014-10-01,10,2014,45,4,III-V Multijunction Cells,Concentrator,"GaInP/GaAs; GaInAsP/GaInAs, bonded",Soitec/CEA/FhG-ISE ,,46,46.0,2.2,0.052,da,,,,,508.0,AIST,,
373,2014-10-01,10,2014,46,1,Thin-Film Technologies,Amorphous Si:H (stabilized),Si microcrystalline,AIST,,11.799999999999999,11.799999999999999,0.3,1.044,da,0.548,,29.39,0.731,1.0,AIST,0.9977357050847458,
374,2014-11-01,11,2014,45,1,Crystalline Si Cells,Multicrystalline,PERC Solar Cell on 156 mm × 156 mm P-Type Multicrystalline Silicon,Trina Solar,,20.8,20.8,0.6,243.9,ap,0.6626,,39.03,0.803,1.0,FhG-ISE,0.9983945304807692,
375,2014-11-01,11,2014,45,3,Emerging PV,Perovskite cells,thin film,KRICT,,20.1,20.1,0.4,0.0955,ap,1.059,,24.65,0.77,1.0,Newport,1.0000173880597012,Stability not investigated
376,2014-12-01,12,2014,46,3,Thin-Film Technologies,CdTe,CdTe on glass,First Solar,,21.5,21.5,0.4,0.3455,da,0.8774,,30.94,0.792,1.0,Newport,1.0000107326511627,
377,2014-12-01,12,2014,46,3,Emerging PV,CZTSSe cells,CZTS thin film,Toyota Central R&D Laboratories,,9.1,9.1,0.2,0.2409,da,0.701,,20.84,0.625,1.0,AIST,1.0033543956043955,
378,2014-12-04,12,2014,,,Emerging PV,Quantum dot cells,Colloidal Quantum Dot,U. Toronto,,9.24,9.24,0.2,0.0487,,0.6428,,,0.68,1.0,Newport,0.0,
379,2015-01-01,1,2015,46,1,Thin-Film Technologies,(not on chart),a-Si/nc-Si thin film,AIST,,13.600000000000001,13.600000000000001,0.4,1.043,da,1.901,,9.92,0.721,1.0,AIST,0.9997470823529411,
380,2015-01-01,1,2015,46,1,Thin-Film Technologies,Amorphous Si:H (stabilized),a-Si/nc-Si (thin-film cell),AIST,,12.7,12.7,0.4,1,da,1.342,,1345,,,,,
381,2015-02-01,2,2015,46,1,Emerging PV,Perovskite cells,thin film,NIMS,,15,15.0,0.6,1.017,ap,1.09,,20.61,0.668,1.0,AIST,1.00043688,"Not stabilized, initial efficiency"
382,2015-03-01,3,2015,,,Emerging PV,Quantum dot cells,molecular iodine PbS Colloidal quantum dot solar cell,U. Toronto,,9.9,9.9,,0.049,,0.639,,22.28,72.37,,,104.07332327272728,
383,2015-05-01,5,2015,47,3,Emerging PV,Organic cells,thin film,Hong Kong UST,,11.5,11.5,0.3,0.0429,ap,0.7907,,19.74,0.735,1.0,Newport,0.9975814982608695,Stability not investigated
384,2015-05-01,5,2015,,,Single-Junction GaAs,Single crystal,GaAs,LG Electronics,,27.400000000000002,27.400000000000002,0.0,0.999,,1.077,,29.3,0.867,1.0,NREL,0.998508711678832,Is this really on the wafer or is it an epitaxial lift off or AlGaAs
385,2015-06-01,6,2015,47,1,Emerging PV,Perovskite cells,thin film,NIMS,,15.6,15.6,0.6,1.02,da,1.074,,19.29,0.751,1.0,AIST,0.997359773076923,"Not stabilized, initial efficiency"
386,2015-08-01,8,2015,47,3,Crystalline Si Cells,Single crystal (non-concentrator),Si n-type top/rear contacts,Fraunhofer ISE,,25.1,25.1,0.5,4.01,da,0.7177,,42.07,0.8324,1.0,FhG-ISE,1.001322115681275,
387,2015-08-01,8,2015,,,III-V Multijunction Cells,Concentrator,Metamorphic GaInP/GaInAs,Fraunhofer ISE,,34.2,34.2,,0.0504,,,,,,460.0,,,
388,2015-08-01,8,2015,48,3,Thin-Film Technologies,CIGS,"CIGS on glass, CuInGaSe",Solar Frontier,,22.3,22.3,0.4,0.51,da,0.7219,,39.38,0.782,1.0,FhG-ISE,0.9969069956950672,"PIP reports Voc = 0.4219, but 0.7219 V appears more reasonable."
389,2015-09-01,9,2015,47,3,Crystalline Si Cells,Silicon heterostructures (HIT),Si n-type top/rear contacts,Kaneka,,25.1,25.1,0.5,151.88,ap,0.7375,,40.79,0.8349,1.0,FhG-ISE,1.0006367973107568,
390,2015-09-01,9,2015,54,2,Crystalline Si Cells,Single crystal (non-concentrator),n-type top/rear contacts,Kaneka,,25.1,25.1,0.5,151.88,ap,0.7375,,40.79,0.835,1.0,FhG-ISE,1.0007566484063743,
391,2015-10-01,10,2015,47,1,Hybrid Tandems,III-V/Si ,"GaInP/Si mechanical stack, 4 terminal",NREL/CSEM,,29.799999999999997,29.799999999999997,1.5,1.006,da,2.14,,14.1/22.7,.879/0.762,1.0,NREL,,
392,2015-10-01,10,2015,47,3,Crystalline Si Cells,Single crystal (non-concentrator),Si n-type rear junction,SunPower,,25.2,25.2,0.5,153.49,t,0.737,,41.33,0.8271,1.0,FhG-ISE,0.9997476067857142,
393,2015-10-01,10,2015,48,1,Emerging PV,Organic cells,Organic,Toshiba,,11.2,11.2,0.3,0.992,da,0.78,,19.3,0.742,1.0,AIST,0.9973275000000001,Initial performance (not stabilized)
394,2015-11-01,11,2015,47,1,Crystalline Si Cells,Multicrystalline,"PERC Solar Cell , P-type",Trina Solar,,21.25,21.25,0.4,242.74,t,0.6678,,39.8,0.8,1.0,FhG-ISE,1.000600094117647,
395,2015-11-01,11,2015,48,3,Thin-Film Technologies,CdTe,CdTe on glass,First Solar,,22.1,22.1,0.5,0.4798,da,0.8872,,31.69,0.785,1.0,Newport,0.9986680488687782,
396,2015-11-01,11,2015,,,Emerging PV,Quantum dot cells,methylammonium iodide (MAI) and the dispersion of hydrophobic PbS CQDs ,U. Toronto,,10.6,10.6,,,,,,,,,,0.0,
397,2015-12-01,12,2015,47,3,Emerging PV,Perovskite cells,MAPbX3 perovskites,KRICT/UNIST,,20.1,20.1,0.4,0. 0955,,1.059,,24.65,0.77,1.0,Newport,1.0000173880597012,
398,2016-01-01,1,2016,48,1,III-V Multijunction Cells,Two-junction (non-concentrator),"GaInP/GaAs, monolithic",Alta Devices,,31.6,31.6,1.5,0.999,ap,2.538,,14.18,0.877,1.0,NREL,0.9988041987341771,
399,2016-02-01,2,2016,50,4,Thin-Film Technologies,CIGS,"Cd free, on glass",Solar Frontier,,22,22.0,0.5,0.512,da,0.717,,39.45,0.779,1.0,FhG-ISE,1.0015691522727275,Correction in FF from PIP Version 49 of 77.8 tp 77.9   [Confirmed Eff=21.7 in Pip 50. Pip 49 lists Eff=21.0 Solibro. (mh)]
400,2016-03-01,3,2016,48,3,Emerging PV,Perovskite cells,thin film,KRICT/UNIST,,22.1,22.1,0.7000000000000001,0.0946,ap,1.105,,24.97,0.803,1.0,Newport,1.0025454999999999,Stability not investigated
401,2016-03-01,3,2016,48,1,Emerging PV,Perovskite cells,formamidinium lead iodide (FAPbI3) perovskites,KRICT/UNIST,,19.7,19.7,0.6,0.9917,da,1.104,,24.67,0.723,1.0,Newport,0.9995632812182743,"Not stabilized, initial efficiency"
402,2016-03-01,3,2016,49,4,Thin-Film Technologies,CIGS,"Cd free, on glass",Solar Frontier,,22,22.0,0.5,0.512,da,0.717,,39.45,0.778,1.0,FhG-ISE,1.000283440909091,
403,2016-04-01,4,2016,49,5,III-V Multijunction Cells,Concentrator,GaInP/GaInAs,Fraunhofer ISE,,34.2,34.2,1.7,0.05361,da,,,,,460.0,FhG-ISE,,
404,2016-04-01,4,2016,48,1,Emerging PV,CZTSSe cells,CZTS,UNSW,,7.6,7.6,0.1,1.067,da,0.6586,,20.43,0.567,1.0,NREL,1.003828587631579,
405,2016-04-01,4,2016,48,1,Emerging PV,CZTSSe cells,CZTSSe,IMRA Europe,,9.8,9.8,0.2,1.115,da,0.5073,,31.95,0.602,1.0,Newport,0.9956487214285712,
406,2016-04-01,4,2016,,,Thin-Film Technologies,Amorphous Si:H (stabilized),,,,,14.0,,,,,,,,,,,
407,2016-05-01,5,2016,49,2,Thin-Film Technologies,(not on chart),a-Si/nc-Si/nc-Si thin film,AIST,,14.000000000000002,14.000000000000002,0.4,1.045,da,1.922,,9.94,0.734,1.0,AIST,1.0016310799999997,
408,2016-05-01,5,2016,49,4,Thin-Film Technologies,CIGS,"thin film, on glass",ZSW,,22.6,22.6,0.5,0.4092,da,0.7411,,37.78,0.806,1.0,FhG-ISE,0.998539776460177,
409,2016-05-01,5,2016,,,Emerging PV,Quantum dot cells, solution-phase ligand-exchanged CQD inks,U. Toronto,,11.3,11.3,,,,,,,,,,0.0,
410,2016-06-01,6,2016,49,2,Hybrid Tandems,III-V/Si ,"GaInP/GaAs/Si, wafer bonded",Fraunhofer ISE,,30.2,30.2,1.1,3.963,ap,3.046,,11.9,0.83,1.0,FhG-ISE,0.9962033774834437,Not measured at external laboratory
411,2016-07-01,7,2016,49,1,Crystalline Si Cells,Silicon heterostructures (HIT),rear junction,Kaneka,,26.3,26.3,0.5,180.43,da,0.7438,,42.25,0.838,1.0,FhG-ISE,1.0013160038022815,
412,2016-08-01,8,2016,49,2,Hybrid Tandems,III-V/Si ,"GaInP/GaAs/Si, monolithic",Fraunhofer ISE,,19.7,19.7,0.7000000000000001,3.943,ap,2.323,,10,0.843,1.0,FhG-ISE,0.9940553299492386,Not measured at external laboratory
413,2016-08-01,8,2016,49,2,Hybrid Tandems,Perovskite/Si,"Perovskite/Si, monolithic",Stanford/ASU,,23.599999999999998,23.599999999999998,0.6,0.99,ap,1.651,,18.09,0.79,1.0,NREL,0.9997714449152544,"Not stabilized, initial efficiency"
414,2016-08-01,8,2016,,,Crystalline Si Cells,Single crystal (non-concentrator),n-type top/rear contacts,Fraunhofer ISE,,25.3,25.3,0.3,4.014,da,0.718,,42.5,82.8,1.0,FhG-ISE,99.86727272727272,
415,2016-09-01,9,2016,49,2,Hybrid Tandems,III-V/Si ,"GaInP/Si, mechanical stack 4 terminal",NREL/CSEM,,30.5,30.5,2.0,1.005,da,2.14,,15.3/21.5,0.851/0.782,1.0,NREL,,Not measured at external laboratory
416,2016-09-01,9,2016,49,4,Single-Junction GaAs,Single crystal,"GaInP, high band gap",LG Electronics,,21.4,21.4,0.3,0.2504,ap,1.4932,,16.31,0.877,1.0,NREL,0.9980625553271029,
417,2016-09-01,9,2016,49,4,Emerging PV,CZTSSe cells,CZTS thin film,UNSW,,9.5,9.5,0.2,0.2379,da,0.6732,,21.25,0.663,1.0,NREL,0.9983733157894737,
418,2016-10-01,10,2016,49,5,Single-Junction GaAs,Concentrator,GaAs,LG Electronics,,29.299999999999997,29.299999999999997,0.7000000000000001,0.09359,da,,,,,49.9,NREL,,
419,2016-11-01,11,2016,50,4,Crystalline Si Cells,Silicon heterostructures (HIT),n-type rear IBC,Kaneka,,26.6,26.6,0.5,179.74,da,0.7403,,42.5,0.847,1.0,FhG-ISE,1.001840197368421,
420,2016-11-16,11,2016,,,Emerging PV,Quantum dot cells,PbS Colloidal quantum dot ,U. Toronto,,12,12.0,,,,,,,,,,0.0,
421,2016-12-01,12,2016,50,2,Hybrid Tandems,III-V/Si ,"GaAs/Si, mechanical stack, 4 terminal",NREL/CSEM/EPFL,,32.800000000000004,32.800000000000004,0.5,1.003,da,1.773,,2.52/0.681,.85/.792,1.0,NREL,,
422,2017-01-01,1,2017,50,1,Thin-Film Technologies,CIGS,"thin-film polycrystalline cell, CuIn1-xGaxSe2",Solar Frontier,,21.7,21.7,0.5,1.044,da,0.718,,40.7,0.743,1.0,AIST,1.0005710506912442,Confirmed (mh)
423,2017-02-01,2,2017,50,2,Hybrid Tandems,III-V/Si ,"GaInP/GaAs/Si, mechanical stack 4, terminal",NREL/CSEM/EPFL,,35.9,35.9,0.5,1.002,da,3.201,,13.6/11.0,.875/.785,1.0,NREL,,
424,2017-02-01,2,2017,50,1,Crystalline Si Cells,Multicrystalline,"Si, n-type",Fraunhofer ISE,,21.9,21.9,0.4,4.0003,t,0.6726,,40.76,0.797,1.0,FhG-ISE,0.9977121128767125,
425,2017-02-01,2,2017,50,4,Emerging PV,Organic cells,thin film,Phillips 66,,12.1,12.1,0.3,0.0407,ap,0.815,,20.27,0.735,1.0,Newport,1.0034906404958677,Stability not investigated
426,2017-02-01,2,2017,50,1,Thin-Film Technologies,Amorphous Si:H (stabilized),Si microcrystalline,AIST,,11.899999999999999,11.899999999999999,0.3,1.044,da,0.55,,28.72,0.75,1.0,AIST,0.9955462184873952,
427,2017-03-01,3,2017,50,2,Hybrid Tandems,III-V/Si ,"GaInP/GaAs/Si, wafer bonded, 2 terminal",Fraunhofer ISE,,31.3,31.3,1.0999999999999999,3.981,ap,3.046,,11.7,0.875,1.0,FhG-ISE,0.9962755591054313,
428,2017-03-01,3,2017,50,1,Crystalline Si Cells,Silicon heterostructures (HIT),"Si, n-type rear IBC",Kaneka,,26.700000000000003,26.700000000000003,0.5,79,da,0.738,,42.65,0.849,1.0,AIST,1.0008565280898876,
429,2017-03-01,3,2017,50,4,Crystalline Si Cells,Single crystal (non-concentrator),n-type top/rear contacts,Fraunhofer ISE,,25.7,25.7,0.5,4.017,da,0.7249,,42.54,0.833,1.0,FhG-ISE,0.9995107361089494,
430,2017-03-01,3,2017,50,5,III-V Multijunction Cells,Concentrator,GaInP/GaInAs,Fraunhofer ISE,,35.099999999999994,35.099999999999994,1.0999999999999999,0.05376,da,,,,,407.0,FhG-ISE,,
431,2017-03-01,3,2017,50,4,Emerging PV,CZTSSe cells,"thin film, on glass",UNSW,,11,11.0,0.2,0.2339,da,0.7306,,21.74,0.693,1.0,NREL,1.0006443719999998,
432,2017-03-01,3,2017,50,1,Emerging PV,CZTSSe cells,"Cu2ZnSnS4, pure sulfide",UNSW,,10.04,10.04,0.2,1.113,da,0.7083,,21.77,0.651,1.0,NREL,0.9998225937250997,
433,2017-04-01,4,2017,,,Emerging PV,Quantum dot cells,lead halide perovskite quantum dot (QD) films,NREL,,13.4,13.4,,0.058,,1.2,,14.37,0.78,,,1.003755223880597,
434,2017-07-01,7,2017,51,4,Crystalline Si Cells,Single crystal (non-concentrator),"crystalline, n-type top/rear contacts",FhG-ISE,,25.8,25.8,0.5,4.008,da,0.7241,,42.87,0.831,1.0,FhG-ISE,0.9998465417441859,
435,2017-07-01,7,2017,51,4,Emerging PV,Perovskite cells,thin film,KRICT,,22.7,22.7,0.8,0.0935,ap,1.144,,24.92,0.796,1.0,Newport,0.9996806202643173,Stability not investigated
436,2017-07-01,7,2017,51,1,Emerging PV,Perovskite cells,formamidinium lead iodide (FAPbI3) perovskites,KRICT,,20.9,20.9,0.7,0.991,da,1.125,,24.92,0.745,1.0,Newport,0.9993337320574164,Initial performance (not stabilized)
437,2017-08-01,8,2017,51,2,Hybrid Tandems,III-V/Si ,"GaInP/GaAs/Si, wafer bonded, 2 terminal",Fraunhofer ISE,,33.3,33.3,1.2,3.984,ap,3.127,,12.7,0.838,1.0,FhG-ISE,0.9993816876876875,
439,2017-08-01,8,2017,51,1,Crystalline Si Cells,Multicrystalline,n-type,FhG-ISE,,22.3,22.3,0.4,3.923,ap,0.6742,,41.08,0.805,1.0,FhG-ISE,0.9997932502242153,Not measured at an external laboratory
440,2017-09-01,9,2017,51,4,Crystalline Si Cells,Multicrystalline,large p-type,Jinko solar,,22,22.0,0.4,245.83,t,0.6717,,40.55,0.809,1.0,FhG-ISE,1.0015947688636364,
441,2017-09-01,9,2017,51,2,III-V Multijunction Cells,Two-junction (non-concentrator),"GaInP/GaAs, monolithic, 2-terminal",LG Electronics,,32.8,32.8,1.4,1,ap,2.568,,14.56,0.877,1.0,NREL,0.9997286634146344,
442,2017-09-28,9,2017,,,Single-Junction GaAs,Single crystal,GaInP/GaAs,LG Electronics,,,27.8,,0.997,,1.075,,29.96,0.862,1.0,NREL,,
444,2017-10-01,10,2017,51,5,III-V Multijunction Cells,Concentrator,"GaInAsP/GaInAs, 2-termimal tandem",NREL,,35.5,35.5,1.2,0.10031,da,,,,,38.0,NREL,,Not measured at an external laboratory.
443,2017-10-01,10,2017,51,4,III-V Multijunction Cells,Two-junction (non-concentrator),"GaInAsP/GaInAs, monolithic, tandem",NREL,,32.6,32.6,1.4,0.248,ap,2.024,,19.51,0.825,1.0,NREL,0.9993189570552147,Not measured at an external laboratory  [Not confirmed (mh)]
445,2017-11-01,11,2017,52,1,Thin-Film Technologies,CIGS,thin film,Solar Frontier,,22.9,22.9,0.5,1.041,da,0.744,,38.77,0.795,1.0,AIST,1.0013833886462884,
446,2018-01-01,1,2018,53,3,III-V Multijunction Cells,Three-junction or more (non-concentrator),"GaInP/GaAs/GaInAs, monolithic, 2-terminal",Microlink (ELO),,37.8,37.8,1.4,0.998,ap,3.013,,14.6,0.858,1.0,NREL,0.998498634920635,
447,2018-02-01,2,2018,52,2,Crystalline Si Cells,Single crystal (non-concentrator),"p-type rear, IBC",ISFH,,26.1,26.1,0.3,3.9857,da,0.7266,,42.62,0.843,1.0,ISFH,1.000220856551724,
448,2018-02-01,2,2018,52,3,Hybrid Tandems,Perovskite/Si,"Pervoskite/Si, monolithic, 2-term",EPFL,,25.2,25.2,0.7,1.419,da,1.787,,19.53,0.723,1.0,FhG-ISE,1.001300775,Initial efficiency. Han and Yang and You review the stability of similar perovskite‐based devices.
449,2018-02-01,2,2018,52,2,Emerging PV,Organic cells,"thin film, Bulk heterojunction",PPC/CAS,,12.3,12.3,0.3,0.09,da,0.887,,18.83,0.735,,Newport,0.9980588902439023,Long-term stability not investigated
450,2018-04-01,4,2018,52,3,Hybrid Tandems,Perovskite/Si,"Perovskite/Si, monolithic, 2-term",Oxford PV/Oxford/HZB,,25.2,25.2,0.8,1.088,da,1.793,,19.02,0.738,1.0,FhG-ISE,0.9987266142857143,Initial efficiency. Han and Yang and You review the stability of similar perovskite‐based devices.
451,2018-05-01,5,2018,52,3,Hybrid Tandems,III-V/Si ,"GaAsP/Si, monolithic, 2-term",OSU/SolAero/UNSW,,20.1,20.1,1.3,3.94,ap,1.673,,14.94,0.803,1.0,NREL,0.9985412865671642,
452,2018-05-18,5,2018,,,Emerging PV,Perovskite cells,"thin film, Pb-halide","ISCAS, Beijing",,,23.3,,0.074,,1.791,,25.24,0.784,1.0,Newport,,
453,2018-06-01,6,2018,53,3,Hybrid Tandems,Perovskite/Si,"Pervoskite/Si, monolithic, 2-term",Oxford PV,,27.3,27.3,0.8,1.09,da,1.813,,19.99,0.754,1.0,FhG-ISE,1.0009659333333332,Initial efficiency.
454,2018-06-18,6,2018,,,Emerging PV,Organic tandem cells,,UCLA,,,11.5,,0.06,,1.56,,10.07,,1.0,NREL,,
455,2018-06-18,6,2018,,,Single-Junction GaAs,Thin-film crystal,GaAs - thin film - epitaxial liftoff,Alta Devices,,,28.9,,,,1.126,29.53,,0.868,1.0,NREL,,
456,2018-09-01,9,2018,53,2,Emerging PV,Perovskite cells,"thin film, Pb-halide","ISCAS, Beijing",,23.7,23.7,0.8,0.0739,ap,1.1697,,25.4,0.798,1.0,Newport,1.0003748202531646,Stability not investigated
457,2018-10-01,10,2018,53,3,Hybrid Tandems,III-V/Si ,"GaInP/GaAs/Si, monolithic, metamorphic, direct growth, 2-term",Fraunhofer ISE,,22.3,22.3,0.8,0.994,ap,2.619,,10,0.85,1.0,FhG-ISE,0.998273542600897,Not measured at external laboratory
458,2018-10-01,10,2018,53,5,Single-Junction GaAs,Concentrator,GaAs,NREL,,30.5,30.5,1.0,0.10043,da,,,,,258.0,NREL,,
459,2018-10-01,10,2018,53,1,Single-Junction GaAs,Thin-film crystal,GaAs - thin film - epitaxial liftoff,Alta Devices,,29.1,29.1,0.6,0.998,ap,1.1272,,29.78,0.867,1.0,FhG-ISE,1.0001192395876288,
460,2018-10-01,10,2018,53,2,Emerging PV,CZTSSe cells,"thin film, Cu2ZnSnS4-ySey","DGIST, Korea",,12.6,12.6,0.3,0.4804,da,0.5411,,35.39,0.659,1.0,Newport,1.001550762777778,
461,2018-10-01,10,2018,53,1,Emerging PV,CZTSSe cells,Cu2ZnSnSxSe4-x,"DGIST, Korea",,11.3,11.3,0.3,1.1761,da,0.5333,,33.57,0.63,1.0,Newport,0.9981252238938053,
462,2018-11-01,11,2018,53,2,Emerging PV,Organic cells,thin film,Sth China U. - Central Sth U.,,15.6,15.6,0.2,0.4113,da,0.83831,,25.03,0.745,1.0,NREL,1.0020679473397436,Long-term stability not investigated
463,2018-11-01,11,2018,54,1,Thin-Film Technologies,CIGS,"CIGS, Cd-free",Solar Frontier,,23.35,23.35,0.5,1.043,da,0.734,,39.58,0.804,1.0,AIST,1.000324748608137,
464,2018-11-17,11,2018,52,3,Hybrid Tandems,Perovskite/CIGS,"Perovskite/CIGS, 2-term",UCLA,,22.4,22.4,1.9,0.042,da,1.774,,17.3,0.731,1.0,NREL,1.0015417946428573,Initial efficiency. Han and Yang and You review the stability of similar perovskite‐based devices.
465,2018-11-18,11,2018,,,Emerging PV,Quantum dot cells,mixed caesium and formamidinium lead triiodide perovskite system (Cs1−xFAxPbI3),U. Queensland,,16.55,16.55,,0.058,,1.168,,18.1,0.783,1.0,Newport,1.0001961570996978,
466,2018-12-01,12,2018,54,3,Hybrid Tandems,Perovskite/Si,"Perovskite/Si, monolithic, 2-term",Oxford PV,,28,28.0,0.7,1.03,da,1.802,,19.75,0.787,1.0,NREL,1.0003191607142858,
467,2019-01-01,1,2019,54,2,Emerging PV,Perovskite cells,Perovskite (thin film),KRICT/MIT,,24.2,24.2,0.8,0.0955,ap,1.1948,,24.16,0.84,1.0,Newport,1.0019731041322315,
468,2019-01-01,1,2019,54,2,Single-Junction GaAs,Single crystal,"GaInP, rear HJ, strained AlInP",NREL,,22,22.0,0.3,0.2502,ap,1.4695,,16.63,0.902,1.0,NREL,1.001949185,
469,2019-03-01,3,2019,54,5,III-V Multijunction Cells,Three-junction or more (non-concentrator),AlGaInP/AlGaAs/GaAs/GaInAs (2.15/1.72/1.41/1.17/0.96/0.79 eV) 6j Inverted metamorphic,NREL,,,39.2,1.3,0.099,,5.55,,8.46,0.835,1.0,NREL,,
470,2019-03-01,3,2019,54,5,III-V Multijunction Cells,Concentrator,AlGaInP/AlGaAs/GaAs/GaInAs (2.15/1.72/1.41/1.17/0.96/0.79 eV) 6j Inverted metamorphic,NREL,,47.1,47.1,2.6,0.099,da,,,,,143.0,NREL,,
471,2019-03-19,3,2019,,,Emerging PV,Organic tandem cells,nonfullerene acceptors (NFAs) with series connection type,SCUT/eFlexPV,,,13.2,,0.041,,1.61,,11.22,0.73,1.0,NREL,,
472,2019-05-01,5,2019,54,2,Emerging PV,Organic cells,nection type,"SCUT, China",,16.4,16.4,0.2,0.04137,da,0.8468,,25.46,0.763,1.0,NREL,1.0030438941463418,
473,2019-05-01,5,2019,54,2,Emerging PV,Organic cells,Organic (thin film),"HKUST, Hong Kong",,16.4,16.4,0.4,0.0394,da,0.8621,,26.17,0.727,1.0,Newport,1.0001195816463415,
474,2019-06-01,6,2019,55,3,Hybrid Tandems,III-V/Si ,"GaInP/GaAs/Si (monolithic), 2-term",Fraunhofer ISE,,24.3,24.3,0.9,3.987,ap,2.662,,12.2,0.745,1.0,FhG-ISE,0.9956756378600822,
475,2019-06-01,6,2019,55,3,Hybrid Tandems,Perovskite/CIGS,"Perovskite/CIGS, 2-term",HZB,,23.3,23.3,0.8,1.035,da,1.683,,19.17,0.721,1.0,FhG-ISE,0.9983563223175967,
476,2019-06-01,6,2019,55,1,Emerging PV,Organic cells,Organic (cell),Uni Potsdam,,13.45,13.45,0.2,1.023,da,0.8422,,23.28,0.686,1.0,FhG-ISE,1.0000001023048328,
477,2019-06-01,6,2019,55,1,Emerging PV,Perovskite cells,Perovskite (cell),ANU,,21.6,21.6,0.6,1.0235,DA,1.193,,21.64,0.836,1.0,CSIRO,0.9991949407407406,
478,2019-06-27,6,2019,,,Emerging PV,Organic tandem cells,nonfullerene-acceptor-based organic solar cell,ICCAS,,,14.2,0.2,0.048,,1.5812,,12.446,,1.0,NREL,,
479,2019-07-01,7,2019,55,2,Emerging PV,Perovskite cells,Perovskite (thin film),KRICT/MIT (tied w/ Korea U),,25.2,25.2,0.8,0.0937,ap,1.1805,,24.14,0.848,1.0,Newport,0.9589557523809525,
480,2019-08-01,8,2019,55,3,Hybrid Tandems,III-V/Si ,"GaInP/AlGaAs/Si (wafer bonded), 2-term",Fraunhofer ISE,,34.1,34.1,1.2,3.987,ap,3.177,,12.4,0.864,1.0,FhG-ISE,0.9981556363636364,
481,2019-08-01,8,2019,55,2,Emerging PV,Dye-sensitized cells,Dye sensitized,EPFL,,12.25,12.25,0.4,0.0963,ap,1.0203,,15.17,0.791,1.0,Newport,0.9994334074285713,
482,2019-09-01,9,2019,55,1,Crystalline Si Cells,Single crystal (non-concentrator),n-type,Trina Solar,,23.2,23.2,0.3,247.79,t,0.7119,,41.14,0.793,1.0,ISFH,1.001079303362069,
483,2019-09-01,9,2019,55,2,Crystalline Si Cells,Single crystal (non-concentrator),p-type PERC,Canadian Solar,,22.8,22.8,0.3,246.7,t,0.6871,,40.9,0.812,1.0,ISFH,1.0008395035087718,
484,2019-09-01,9,2019,55,2,Crystalline Si Cells,Single crystal (non-concentrator),n-type top/rear contacts,Hanergy,,25.1,25.1,0.4,244.45,t,0.747,,39.55,0.85,1.0,ISFH,1.0004889442231075,
485,2019-09-17,9,2019,,,Crystalline Si Cells,Multicrystalline,p‐type PERC,Canadian Solar,,22.8,22.8,,,,,,,,1.0,FhG-ISE,0.0,
486,2019-10-01,10,2019,55,2,Emerging PV,Organic cells,Organic (thin film),SJTU/Umass,,17.35,17.35,0.2,0.032,da,0.862,,25.83,0.78,1.0,NREL,1.0009832161383283,
487,2019-11-01,11,2019,55,2,Crystalline Si Cells,Single crystal (non-concentrator),p-type top/rear contacts,FhG-ISE,,26,26.0,0.5,4.015,da,0.7323,,42.05,0.823,1.0,FhG-ISE,0.9747236901923075,
488,2019-12-01,12,2019,56,1,Crystalline Si Cells,Single crystal (non-concentrator),n-type,Canadian Solar,,23.8,23.8,0.3,246.44,t,0.7087,,40.88,0.822,1.0,ISFH,1.0006176988235294,
489,2019-12-01,12,2019,56,3,Emerging PV,Perovskite tandem cells,"Perovskite/perovskite, 2-term",Nanjing Univ,,24.2,24.2,0.8,1.041,da,1.986,,15.93,0.766,1.0,JET,1.0014019289256197,
490,2020-01-01,1,2020,56,3,Hybrid Tandems,Perovskite/CIGS,"Perovskite/CIGS, 2-term",HZB,,24.2,24.2,0.7,1.045,da,1.768,,19.24,0.729,1.0,FhG-ISE,1.0247064991735537,
491,2020-01-01,1,2020,56,3,Hybrid Tandems,Perovskite/Si,"Perovskite/Si, monolithic, 2-term",HZB,,29.15,29.15,0.7,1.06,da,1.897,,19.75,0.778,1.0,FhG-ISE,0.9999435162950259,
492,2020-01-01,1,2020,56,3,III-V Multijunction Cells,Two-junction (non-concentrator),GaInP/GaAs,NREL,,32.9,32.9,0.5,0.25,ap,2.5,,15.36,0.857,1.0,NREL,1.0002674772036475,
494,2020-07-28,7,2020,57,2,Emerging PV,Perovskite cells,Perovskite (cell),UNIST,,25.5,25.5,0.8,0.095,ap,1.189,,25.68,0.83,1.0,Newport,0.9938361411764706,
493,2020-05-01,5,2020,56,3,Hybrid Tandems,III-V/Si ,"GaAsP/Si, monolithic, 2-term",OSU/UNSW/SolAero,,23.4,23.4,0.3,1.026,p,1.732,,17.34,0.777,1.0,NREL,0.9972456307692309,
495,2020-08-24,8,2020,,,Emerging PV,Organic cells,Organic (cell),City U HK/UW,,17.5,17.5,0.5,0.04,ap,0.881,,26.07,0.76,1.0,Newport,0.9974530971428572,
496,2020-09-01,9,2020,55,1,Crystalline Si Cells,Multicrystalline,"DS Si wafer cell, n type",Trina Solar,,23.2,23.2,0.3,247.79,t,0.712,,41.14,0.793,1.0,FhG-ISE,1.0012199241379311,
497,2020-09-22,9,2020,,,Emerging PV,Quantum dot cells,Perovskite based on the BHT Additive,UNIST,,18.1,18.1,0.5,0.12,ap,1.14,,20.88,0.758,1.0,Newport,0.9968411933701655,
498,2020-10-20,10,2020,57,2,Emerging PV,Organic cells,Organic (cell),SJTU/BUAA,,18.2,18.2,0.2,0.032,ap,0.897,,25.72,0.789,1.0,NREL,1.000158942857143,
499,2020-11-01,11,2020,57,1,Crystalline Si Cells,Multicrystalline,"‘cast mono’ wafer, n-type",Jinko solar,,24.4,24.4,0.3,267.5,t,0.713,,41.47,0.825,1.0,FhG-ISE,0.9997414241803279,
500,2020-11-02,11,2020,TBD (58), ,Emerging PV,Dye-sensitized cells,Dye sensitized,EPFL,,13,13.0,,0.116,ap,1.04,,15.55,0.804,1.0,FhG-ISE,1.0001760000000002,
501,2020-12-14,12,2020,TBD (58),,Hybrid Tandems,Perovskite/Si,2-terminal monolithic,Oxford PV,,29.5,29.5,0.5,1.121,ap,1.884,,20.26,0.773,1.0,NREL,1.0001791972881355,
502,2021-06-10,6,2021,58,1,Emerging PV,CZTSSe cells,CZTSSe Thin-Film  (hydrazine pure-solution approach),NJUPT,,13,13.0,0.8,0.107,ap,0.529,,33.58,72.9,1.0,NREL,99.61403676923078,
503,2021-09-23,9,2021,59,3,III-V Multijunction Cells,Three-junction or more (non-concentrator),GaInP/mqw-GaAs/GaInAs,NREL,,39.46,39.46,0.5,0.242,ap,2.997,,15.437,85.3,1.0,NREL,100.00957860364926,
504,2021-11-16,11,2021,,,Hybrid Tandems,Perovskite/Si,"Perovskite/Si, monolithic",HZB,,29.8,29.8,0.82,1.016,ap,,,,,1.0,FhG-ISE,0.0,
505,2021-12-03,12,2021,60,,Emerging PV,Perovskite cells,Perovskite (cell),UNIST,,25.7,25.7,3.2,0.096,ap,1.179,,25.8,84.6,1.0,Newport,100.13150661478599,
506,2022-01-11,1,2022,TBD (60),,Single-Junction GaAs,Concentrator,GaAs,NREL,,30.8,30.8,6.2,0.099,ap,,,,,61.0,NREL,0.0,
507,2022-06-17,6,2022,TBD (61),,Hybrid Tandems,Perovskite/Si,"Perovskite/Si, monolithic, 2-term",EPFL/CSEM,,31.3,31.3,0.8,1.1677,ap,1.9131,,20.473,79.8,1.0,NREL,99.85681548690094,
508,2022-05-01,5,2022,61,5,III-V Multijunction Cells,Concentrator,GaInP/GaInAs; GaInAsP/GaInAs bonded,FhG-ISE,,47.6,47.6,2.6,0.0452,da,,,,,665.0,FhG-ISE,0.0,
509,2022-11-23,11,2022,TBD (62),,Hybrid Tandems,Perovskite/Si,"Perovskite/Si, monolithic, 2-term",HZB,,32.5,32.5,1.0,1.014,da,1.9798,,20.24,81.2,1.0,JRC-ESTI,100.11623207384616,
510,2022-10-01,10,2022,61,1,Crystalline Si Cells,Silicon heterostructures (HIT),n-type HJT,LONGi,,26.81,26.81,1.5,274.4,t,0.7514,41.45,,86.07,1.0,ISFH,0.0,
511,2023-01-05,1,2023,,,Thin-Film Technologies,CIGS,,Evolar/UU,,23.6,23.6,,0.899,da,0.7671,38.3,,80.46,1.0,FhG-ISE,,
512,2023-03-21,3,2023,62,,Emerging PV,Organic cells,,SJTU,,19.2,19.2,1.5,0.0326,da,0.9135,26.61,,79,1.0,NREL,,
513,2022-11-16,11,2022,,,Emerging PV,Perovskite cells,,UNIST,,25.8,25.8,3.1,0.0959,da,1.1797,25.77,,84.9,1.0,Newport,0.0,
514,2023-03-14,3,2023,62,,Hybrid Tandems,Perovskite/Si,,KAUST,,33.2,33.2,1.1,0.9977,da,1.962,20.97,,80.7,1.0,JRC-ESTI,0.0,
515,2023-02-01,2,2023,62,2,Thin-Film Technologies,CdTe,,First Solar,,22.3,22.3,0.8,0.4491,da,0.8985,31.69,,78.9,1.0,NREL,0.0,
516,2023-03-01,3,2023,62,2,Emerging PV,Perovskite cells,,ISCAS,,26,26.0,1.9,0.0746,da,1.19,26.0,,84,1.0,JET,0.0,
517,2023-04-01,4,2023,62,2,Emerging PV,CZTSSe cells,,IoP/CAS,,14.9,14.9,2.0,0.2694,da,0.5554,36.93,,72.5,1.0,NPVM,0.0,
518,2023-05-01,5,2023,62,3,Hybrid Tandems,Perovskite/Si,,KAUST,,33.7,33.7,3.3,1.0035,da,1.974,20.99,,81.3,1.0,JRC-ESTI,0.0,
519,2023-05-10,5,2023,TBD (63),2,Emerging PV,Perovskite cells,,U. of Science and Technology of China,,26.1,26.1,2.2,0.05127,da,,,,,1.0,NPVM,0.0,
520,2023-08-31,8,2023,63,2,Thin-Film Technologies,CdTe,,First Solar,,,22.4,1.3,0.4497,da,0.8996,31.4,,79.3,1.0,NREL,,
521,2023-07-21,7,2023,63,2,Emerging PV,Perovskite cells,,Northwestern University and University of Toronto,,,26.1,3.2,0.0493,da,1.174,26.13,,85.2,1.0,Newport,,
522,2023-09-26,9,2023,63,3,Hybrid Tandems,Perovskite/Si,,Longi,,,33.9,0.9,1,da,1.966,20.76,,83,1.0,NREL,,
523,2023-11-30,11,2023,64,1,Crystalline Si Cells,Silicon heterostructures (HIT),HBC,LONGi,,27.1,27.1,1.2,243.04,da,0.7425,42.61,,85.6,1.0,ISFH,0.0,
524,2024-01-18,1,2024,64,2,Thin-Film Technologies,CdTe,CdTe,First Solar,,22.6,22.6,0.8,0.448,ap,0.8989,31.55,,79.61,1.0,NREL,0.0,
525,2020-08-01,8,2020,57,,Emerging PV,Perovskite tandem cells,"Perovskite/perovskite, 2-term",Nanjing Univ,,24.4,24.4,0.4,0.049,da,2.002,,15.21,80,1.0,NREL,99.83744262295082,
526,2021-02-01,2,2021,58,,Emerging PV,Perovskite tandem cells,"Perovskite/perovskite, 2-term",Nanjing Univ,,26.4,26.4,0.8,0.0494,da,2.048,,16.54,77.9,1.0,JET,99.95372606060607,
527,2021-12-01,12,2021,60,,Emerging PV,Perovskite tandem cells,"Perovskite/perovskite, 2-term",Nanjing Univ,,28,28.0,0.6,0.0495,da,2.125,,16.42,80.3,1.0,JET,100.06670535714287,
528,2022-12-01,12,2022,62,,Emerging PV,Perovskite tandem cells,"Perovskite/perovskite, 2-term",Nanjing Univ,,28.2,28.2,0.5,1.038,da,2.159,,16.59,78.9,1.0,JET,100.21365989361702,
529,2022-12-01,12,2022,62,,Emerging PV,Perovskite tandem cells,"Perovskite/perovskite, 2-term",Nanjing Univ,,29.1,29.1,0.5,0.0489,da,2.154,,16.51,81.7,1.0,JET,99.84396969072165,
530,2020-04-01,4,2020,57,,Hybrid Tandems,III-V/Si ,,FhG-ISE,,,34.5,,,,,,,,,,0.0,
531,2020-05-01,5,2020,58,,Hybrid Tandems,III-V/Si ,,FhG-ISE,,,35.9,,,,,,,,,,,
532,2019-08-01,8,2019,55,,Hybrid Tandems,III-V/Si ,,FhG-ISE,,,34.1,,,,,,,,,,,
533,2017-08-01,8,2017,51,,Hybrid Tandems,III-V/Si ,,FhG-ISE,,,33.3,,,,,,,,,,,
534,2017-03-01,3,2017,50,,Hybrid Tandems,III-V/Si ,,FhG-ISE,,,31.3,,,,,,,,,,,
535,2016-06-01,6,2016,49,,Hybrid Tandems,III-V/Si ,,FhG-ISE,,,30.2,,,,,,,,,,,
536,2022-03-01,3,2022,61,,Hybrid Tandems,Perovskite/Organic,,NUS/SERIS,,,23.4,,,,,,,,,,,
537,2023-03-23,3,2023,TBD,2,Emerging PV,Quantum dot cells,,UNIST,,19.1,19.1,3.1,0.12,ap,1.1695,21.02,,77.6,1.0,Newport,,
538,2021-07-09,7,2021,,,Hybrid Tandems,Perovskite/Organic,Perovskite/organic 2-terminal,Bergische Universität Wuppertal,,,23.1,6.9,0.0174,ap,,,,,1.0,FhG-ISE,0.0,
539,2023-05-01,5,2023,63,3,Hybrid Tandems,III-V/Si ,GaInP/GaInAsP//Si (wafer bonded),FhG-ISE/AMOLF,,,36.1,1.3,3.987,,3.309,12.7,,86,1.0,FhG-ISE,,
540,2024-04-24,4,2024,64,2,Emerging PV,Perovskite cells,,University of Science and Technology of China,,,26.7,2.2,0.0519,ap,1.193,26.49,,84.5,1.0,NPVM,,
541,2024-05-17,5,2024,65,2,Thin-Film Technologies,CdTe,,First Solar,,,23.08,1.7,0.4507,da,0.9048,31.66,,80.6,1.0,NREL,,
542,2023-12-01,12,2023,65,1,Crystalline Si Cells,Silicon heterostructures (HIT),HBC,LONGi,,,27.3,1.5,243.1,da,0.743,42.6,,86.19,1.0,ISFH,,
543,2024-04-30,4,2024,65,3,Hybrid Tandems,Perovskite/Si,,LONGi,,,34.6,1.0,1.004,da,1.996,20.7,,83.6,1.0,JRC-ESTI,,
544,2024-06-24,6,2024,64,3,Emerging PV,Perovskite tandem cells,Perovskite 2J 2T,Nanjing Univ / Renshine,,,30.1,,0.04934,da,2.199,16.7,,81.5,1.0,JET,,
545,2024-04-24,4,2024,64,2,Emerging PV,CZTSSe cells,,IoP/CAS,,,15.07,2.2,0.2697,da,0.4303,38.41,,73.96,1.0,NPVM,,
546,2024-12-04,12,2024,65,3,Hybrid Tandems,Perovskite/CIGS,"Perovskite/CIGS, 2-term",HZB,,,24.6,4.4,1.1052,da,1.759,19.27,,70.8,1.0,FhG-ISE,,
547,2025-01-21,1,2025,66,2,Emerging PV,Perovskite cells,,Soochow University / UNSW,,,26.95,2.2,0.0583,da,,,,,1.0,NPVM,,
548,2025-04-03,4,2025,,,Hybrid Tandems,Perovskite/CIGS,"Perovskite/CIGS, 2-term",Seoul National University / KIST,,,26.3,4.5,0.222,da,1.75,20.88,,73,1.0,FhG-ISE,,
549,2024-05-06,5,2024,66,,Hybrid Tandems,Perovskite/Si,,LONGi,,,34.85,1.0,1.005,da,1.997,21.08,,82.8,1.0,NREL,,
550,2025-01-20,1,2025,67,,Crystalline Si Cells,Silicon heterostructures (HIT),HIBC,LONGi,,,27.8,1.6,133.63,da,0.7449,42.64,,87.55,1.0,ISFH,,
551,2025-01-01,1,2025,66,2,Emerging PV,CZTSSe cells,,IoP/CAS,,,15.8,1.8,0.225,da,0.554,38.14,,74.7,1.0,NPVM,,
